saID,GM_Object,Location,BSL_Type
BSL_001,"MultiLineString ((104.5755560000000628 1.24083300000006602, 104.83055600000005825 1.04777800000005072))",Natuna Sea,Straight Archipelagic Baseline (Garis Pangkal Lurus Kepulauan)
BSL_002,"MultiLineString ((104.5755560000000628 1.24083300000006602, 104.83055600000005825 1.04777800000005072))",Natuna Sea,Straight Archipelagic Baseline (Garis Pangkal Lurus Kepulauan)
BSL_003,"MultiLineString ((105.59638900000004469 2.30000000000006821, 105.37944400000003498 2.7413890000000265))",Natuna Sea,Straight Archipelagic Baseline (Garis Pangkal Lurus Kepulauan)
BSL_004,"MultiLineString ((105.37944400000003498 2.7413890000000265, 105.58333300000003874 3.09222200000004932))",Natuna Sea,Straight Archipelagic Baseline (Garis Pangkal Lurus Kepulauan)
BSL_005,"MultiLineString ((105.58333300000003874 3.09222200000004932, 105.95111100000008264 3.33111100000002125))",Natuna Sea,Straight Archipelagic Baseline (Garis Pangkal Lurus Kepulauan)
BSL_006,"MultiLineString ((105.95111100000008264 3.33111100000002125, 106.26888900000005833 3.4511110000000258))",Natuna Sea,Straight Archipelagic Baseline (Garis Pangkal Lurus Kepulauan)
BSL_007,"MultiLineString ((106.26888900000005833 3.4511110000000258, 107.4358330000000592 4.06694400000003498))",Natuna Sea,Straight Archipelagic Baseline (Garis Pangkal Lurus Kepulauan)
BSL_008,"MultiLineString ((107.4358330000000592 4.06694400000003498, 107.72138900000004469 4.51916700000003857))",Natuna Sea,Straight Archipelagic Baseline (Garis Pangkal Lurus Kepulauan)
BSL_009,"MultiLineString ((107.72138900000004469 4.51916700000003857, 107.90555600000004688 4.70694400000002133))",Natuna Sea,Straight Archipelagic Baseline (Garis Pangkal Lurus Kepulauan)
BSL_010,"MultiLineString ((107.90555600000004688 4.70694400000002133, 108.01083300000004783 4.79388900000003559))",Natuna Sea,Straight Archipelagic Baseline (Garis Pangkal Lurus Kepulauan)
BSL_011,"MultiLineString ((108.01083300000004783 4.79388900000003559, 108.0219440000000759 4.79583300000007284))",Natuna Sea,Common Baseline (Garis Pangkal Biasa)
BSL_012,"MultiLineString ((108.0219440000000759 4.79583300000007284, 108.41777800000005527 4.01333300000004556))",Natuna Sea,Straight Archipelagic Baseline (Garis Pangkal Lurus Kepulauan)
BSL_013,"MultiLineString ((108.41777800000005527 4.01333300000004556, 108.91444400000005999 3.03083300000002964))",Natuna Sea,Straight Archipelagic Baseline (Garis Pangkal Lurus Kepulauan)
BSL_014,"MultiLineString ((108.91444400000005999 3.03083300000002964, 109.16777800000005527 2.64527800000007574))",Natuna Sea,Straight Archipelagic Baseline (Garis Pangkal Lurus Kepulauan)
BSL_015,"MultiLineString ((109.16777800000005527 2.64527800000007574, 109.64527800000007574 2.08611100000007355))",Natuna Sea,Straight Archipelagic Baseline (Garis Pangkal Lurus Kepulauan)
BSL_016,"MultiLineString ((109.64527800000007574 2.08611100000007355, 109.64666666700003361 2.08333333300004142))",Natuna Sea,Straight Archipelagic Baseline (Garis Pangkal Lurus Kepulauan)
BSL_017,"MultiLineString ((117.9288888890000635 4.1661111120000669, 117.90805555600002208 4.16944444400002112))",Celebes Sea,Straight Archipelagic Baseline (Garis Pangkal Lurus Kepulauan)
BSL_018,"MultiLineString ((117.9408333340001036 4.15944444400003022, 117.9288888890000635 4.1661111120000669))",Malaca Strait,Straight Archipelagic Baseline (Garis Pangkal Lurus Kepulauan)
BSL_019,"MultiLineString ((118.08277777700004663 4.01055555500005312, 117.9408333340001036 4.15944444400003022))",Celebes Sea,Straight Archipelagic Baseline (Garis Pangkal Lurus Kepulauan)
BSL_020,"MultiLineString ((118.64472200000011526 2.25333300000005465, 118.08277777700004663 4.01055555500005312))",Celebes Sea,Straight Archipelagic Baseline (Garis Pangkal Lurus Kepulauan)
BSL_021,"MultiLineString ((119.04055600000003778 1.78138900000004696, 118.64472200000011526 2.25333300000005465))",Celebes Sea,Straight Archipelagic Baseline (Garis Pangkal Lurus Kepulauan)
BSL_022,"MultiLineString ((120.21388900000010835 0.99861100000003944, 119.04055600000003778 1.78138900000004696))",Celebes Sea,Straight Archipelagic Baseline (Garis Pangkal Lurus Kepulauan)
BSL_023,"MultiLineString ((120.79194400000005771 1.33777800000007119, 120.21388900000010835 0.99861100000003944))",Celebes Sea,Straight Archipelagic Baseline (Garis Pangkal Lurus Kepulauan)
BSL_024,"MultiLineString ((120.88444400000003043 1.37777800000003481, 120.79194400000005771 1.33777800000007119))",Celebes Sea,Straight Archipelagic Baseline (Garis Pangkal Lurus Kepulauan)
BSL_025,"MultiLineString ((120.88444400000003043 1.37777800000003481, 120.79194400000005771 1.33777800000007119))",Celebes Sea,Common Baseline (Garis Pangkal Biasa)
BSL_026,"MultiLineString ((121.44333300000005238 1.31333300000005693, 120.88527800000008483 1.37805600000007189))",Celebes Sea,Straight Archipelagic Baseline (Garis Pangkal Lurus Kepulauan)
BSL_027,"MultiLineString ((122.42972200000008343 1.1380560000000628, 121.44333300000005238 1.31333300000005693))",Celebes Sea,Straight Archipelagic Baseline (Garis Pangkal Lurus Kepulauan)
BSL_028,"MultiLineString ((123.11250000000006821 1.04777800000005072, 122.42972200000008343 1.1380560000000628))",Celebes Sea,Straight Archipelagic Baseline (Garis Pangkal Lurus Kepulauan)
BSL_029,"MultiLineString ((124.34388900000010381 1.15805600000004461, 123.11250000000006821 1.04777800000005072))",Celebes Sea,Straight Archipelagic Baseline (Garis Pangkal Lurus Kepulauan)
BSL_030,"MultiLineString ((124.73083300000007512 1.7630560000000628, 124.34388900000010381 1.15805600000004461))",Celebes Sea,Straight Archipelagic Baseline (Garis Pangkal Lurus Kepulauan)
BSL_031,"MultiLineString ((125.15777800000000752 2.73750000000006821, 124.73083300000007512 1.7630560000000628))",Celebes Sea,Straight Archipelagic Baseline (Garis Pangkal Lurus Kepulauan)
BSL_032,"MultiLineString ((125.31638900000007197 4.23500000000007049, 125.15777800000000752 2.73750000000006821))",Celebes Sea,Straight Archipelagic Baseline (Garis Pangkal Lurus Kepulauan)
BSL_033,"MultiLineString ((125.42805600000008326 4.67111100000005308, 125.31638900000007197 4.23500000000007049))",Mindanao Sea,Straight Archipelagic Baseline (Garis Pangkal Lurus Kepulauan)
BSL_034,"MultiLineString ((125.47833300000002055 4.73722200000003113, 125.42805600000008326 4.67111100000005308))",Mindanao Sea,Straight Archipelagic Baseline (Garis Pangkal Lurus Kepulauan)
BSL_035,"MultiLineString ((125.48222200000009252 4.74027800000004618, 125.47833300000002055 4.73722200000003113))",Mindanao Sea,Common Baseline (Garis Pangkal Biasa)
BSL_036,"MultiLineString ((125.49000000000000909 4.74611100000004171, 125.48222200000009252 4.74027800000004618))",Mindanao Sea,Straight Archipelagic Baseline (Garis Pangkal Lurus Kepulauan)
BSL_037,"MultiLineString ((126.58166700000003857 5.56722200000007206, 125.49000000000000909 4.74611100000004171))",Philippine Sea,Straight Archipelagic Baseline (Garis Pangkal Lurus Kepulauan)
BSL_038,"MultiLineString ((126.59138900000004924 5.56583300000005465, 126.58166700000003857 5.56722200000007206))",Philippine Sea,Common Baseline (Garis Pangkal Biasa)
BSL_039,"MultiLineString ((127.14222200000006069 4.7716670000000363, 126.59138900000004924 5.56583300000005465))",Philippine Sea,Straight Archipelagic Baseline (Garis Pangkal Lurus Kepulauan)
BSL_040,"MultiLineString ((127.14555600000005597 4.76083300000004783, 127.14222200000006069 4.7716670000000363))",Philippine Sea,Common Baseline (Garis Pangkal Biasa)
BSL_041,"MultiLineString ((127.1636110000000599 4.64388900000005833, 127.14555600000005597 4.76083300000004783))",Philippine Sea,Straight Archipelagic Baseline (Garis Pangkal Lurus Kepulauan)
BSL_042,"MultiLineString ((127.16472200000009707 4.62666700000005449, 127.1636110000000599 4.64388900000005833))",Philippine Sea,Common Baseline (Garis Pangkal Biasa)
BSL_043,"MultiLineString ((126.85166700000002038 3.75361100000003489, 127.16472200000009707 4.62666700000005449))",Halmahera Sea,Straight Archipelagic Baseline (Garis Pangkal Lurus Kepulauan)
BSL_044,"MultiLineString ((128.57416700000010223 2.64555600000005597, 126.85166700000002038 3.75361100000003489))",Halmahera Sea,Straight Archipelagic Baseline (Garis Pangkal Lurus Kepulauan)
BSL_045,"MultiLineString ((128.69916700000010223 2.42750000000006594, 128.69447626800001672 2.47204140900004177, 128.69246016800002508 2.48865446100006693, 128.69211062300007598 2.49095304100006842, 128.69140959300011673 2.49428069500004312, 128.690528554000025 2.49875774200006617, 128.68977553600007013 2.500953705000029, 128.68867059300009714 2.50300466200002347, 128.58757126000011795 2.63193614200002912, 128.58012236700005815 2.64002810300002011, 128.57649684000011803 2.6438010050000571, 128.57416700000010223 2.64555600000005597))",Halmahera Sea,Common Baseline (Garis Pangkal Biasa)
BSL_046,"MultiLineString ((128.73722200000008797 1.57888900000006061, 128.69916700000010223 2.42750000000006594))",Halmahera Sea,Straight Archipelagic Baseline (Garis Pangkal Lurus Kepulauan)
BSL_047,"MultiLineString ((129.14166700000009769 0.72750000000002046, 128.73722200000008797 1.57888900000006061))",Halmahera Sea,Straight Archipelagic Baseline (Garis Pangkal Lurus Kepulauan)
BSL_048,"MultiLineString ((130.73111100000005536 0.53555600000004233, 129.14166700000009769 0.72750000000002046))",Pacific Ocean,Straight Archipelagic Baseline (Garis Pangkal Lurus Kepulauan)
BSL_049,"MultiLineString ((131.25972200000001067 1.08888900000005151, 130.73111100000005536 0.53555600000004233))",Pacific Ocean,Straight Archipelagic Baseline (Garis Pangkal Lurus Kepulauan)
BSL_050,"MultiLineString ((131.28027800000006664 1.07444400000002815, 131.27836433200002375 1.08048938700005692, 131.27706469700001435 1.08444164400003729, 131.27457844900004602 1.08788575600004833, 131.27152713200007383 1.09037003100002039, 131.26858883700003844 1.09195093100004215, 131.26576354800010904 1.09251553900003273, 131.26265572900001644 1.09155570800004398, 131.26084754500004692 1.08986188200003653, 131.25972200000001067 1.08888900000005151))",Pacific Ocean,Common Baseline (Garis Pangkal Biasa)
BSL_051,"MultiLineString ((132.15944400000000769 -0.3377779999999575, 131.28027800000006664 1.07444400000002815))",Pacific Ocean,Straight Archipelagic Baseline (Garis Pangkal Lurus Kepulauan)
BSL_052,"MultiLineString ((132.4222220000000334 -0.34277799999995295, 132.15944400000000769 -0.3377779999999575))",Pacific Ocean,Straight Archipelagic Baseline (Garis Pangkal Lurus Kepulauan)
BSL_053,"MultiLineString ((132.71694400000001224 -0.36166699999995444, 132.4222220000000334 -0.34277799999995295))",Pacific Ocean,Straight Archipelagic Baseline (Garis Pangkal Lurus Kepulauan)
BSL_054,"MultiLineString ((134.29555600000003324 0.93944400000003725, 132.71694400000001224 -0.36166699999995444))",Pacific Ocean,Straight Archipelagic Baseline (Garis Pangkal Lurus Kepulauan)
BSL_055,"MultiLineString ((134.34166700000002947 0.93250000000006139, 134.29555600000003324 0.93944400000003725))",Pacific Ocean,Common Baseline (Garis Pangkal Biasa)
BSL_056,"MultiLineString ((135.27416700000003402 -0.39388899999994464, 134.34166700000002947 0.93250000000006139))",Pacific Ocean,Straight Archipelagic Baseline (Garis Pangkal Lurus Kepulauan)
BSL_057,"MultiLineString ((135.85583300000007512 -0.69888899999995147, 135.27416700000003402 -0.39388899999994464))",Pacific Ocean,Straight Archipelagic Baseline (Garis Pangkal Lurus Kepulauan)
BSL_058,"MultiLineString ((136.38722200000006524 -1.07027799999997342, 135.85583300000007512 -0.69888899999995147))",Pacific Ocean,Straight Archipelagic Baseline (Garis Pangkal Lurus Kepulauan)
BSL_059,"MultiLineString ((137.93083300000012059 -1.45638899999994464, 136.38722200000006524 -1.07027799999997342))",Pacific Ocean,Straight Archipelagic Baseline (Garis Pangkal Lurus Kepulauan)
BSL_060,"MultiLineString ((138.71583300000008876 -1.57388899999995147, 137.93083300000012059 -1.45638899999994464))",Pacific Ocean,Straight Archipelagic Baseline (Garis Pangkal Lurus Kepulauan)
BSL_061,"MultiLineString ((140.15194400000007136 -2.31999999999993634, 138.71583300000008876 -1.57388899999995147))",Pacific Ocean,Straight Archipelagic Baseline (Garis Pangkal Lurus Kepulauan)
BSL_062,"MultiLineString ((140.61305600000002869 -2.43944399999998041, 140.15194400000007136 -2.31999999999993634))",Pacific Ocean,Straight Archipelagic Baseline (Garis Pangkal Lurus Kepulauan)
BSL_063,"MultiLineString ((141.00000000000011369 -2.60444399999994403, 140.61305600000002869 -2.43944399999998041))",Pacific Ocean,Straight Archipelagic Baseline (Garis Pangkal Lurus Kepulauan)
BSL_064,"MultiLineString ((140.98527777800006788 -9.18138888899994754, 141.0194444440001007 -9.12777777799993828))",Arafura Sea,Common Baseline (Garis Pangkal Biasa)
BSL_065,"MultiLineString ((140.9575000000000955 -9.20361111099992968, 140.98527777800006788 -9.18138888899994754))",Arafura Sea,Common Baseline (Garis Pangkal Biasa)
BSL_066,"MultiLineString ((140.93555600000001959 -9.19999999999993179, 140.94432311600007779 -9.20328807899994672, 140.94643187200006196 -9.20375478099992961, 140.94767730900002789 -9.20388206199993419, 140.95179575500003466 -9.20389620399993191, 140.95611064000001988 -9.20383822899992765, 140.9575000000000955 -9.20361111099992968))",Arafura Sea,Common Baseline (Garis Pangkal Biasa)
BSL_067,"MultiLineString ((140.84944400000006226 -9.09499999999997044, 140.93555600000001959 -9.19999999999993179))",Arafura Sea,Straight Archipelagic Baseline (Garis Pangkal Lurus Kepulauan)
BSL_068,"MultiLineString ((139.43638900000007652 -8.26972199999994473, 140.84944400000006226 -9.09499999999997044))",Arafura Sea,Straight Archipelagic Baseline (Garis Pangkal Lurus Kepulauan)
BSL_069,"MultiLineString ((138.90638900000010381 -8.43583299999994551, 139.43638900000007652 -8.26972199999994473))",Arafura Sea,Straight Archipelagic Baseline (Garis Pangkal Lurus Kepulauan)
BSL_070,"MultiLineString ((137.65777800000000752 -8.44555599999995366, 138.90638900000010381 -8.43583299999994551))",Arafura Sea,Straight Archipelagic Baseline (Garis Pangkal Lurus Kepulauan)
BSL_071,"MultiLineString ((137.69000000000005457 -8.21361099999995758, 137.68570780500010642 -8.22784966099993653, 137.67993495400003212 -8.25006298499994273, 137.6648001830000112 -8.30622826399996939, 137.63889761600000838 -8.41301192799994624, 137.63839239800006453 -8.41543492199997445, 137.6385267670000303 -8.4193260509999277, 137.63862781100010579 -8.42134521199994879, 137.64027818700003536 -8.42763826199995947, 137.64108653300002061 -8.42915263499997991, 137.64240679200008799 -8.4313283739999747, 137.64516864100005478 -8.43563591399993129, 137.64988399300011679 -8.44065016599995488, 137.6548133000001144 -8.4444050239999342, 137.65777800000000752 -8.44555599999995366))",Arafura Sea,Common Baseline (Garis Pangkal Biasa)
BSL_072,"MultiLineString ((137.84722200000010162 -7.82444399999997131, 137.69000000000005457 -8.21361099999995758))",Arafura Sea,Straight Archipelagic Baseline (Garis Pangkal Lurus Kepulauan)
BSL_073,"MultiLineString ((138.39972200000011071 -6.35861099999993939, 137.84722200000010162 -7.82444399999997131))",Arafura Sea,Straight Archipelagic Baseline (Garis Pangkal Lurus Kepulauan)
BSL_074,"MultiLineString ((138.05611100000010083 -5.97916699999996126, 138.39972200000011071 -6.35861099999993939))",Arafura Sea,Straight Archipelagic Baseline (Garis Pangkal Lurus Kepulauan)
BSL_075,"MultiLineString ((137.71861100000000988 -5.38722199999995155, 138.05611100000010083 -5.97916699999996126))",Arafura Sea,Straight Archipelagic Baseline (Garis Pangkal Lurus Kepulauan)
BSL_076,"MultiLineString ((136.75972200000001067 -4.90666699999997036, 137.71861100000000988 -5.38722199999995155))",Arafura Sea,Straight Archipelagic Baseline (Garis Pangkal Lurus Kepulauan)
BSL_077,"MultiLineString ((136.12055600000007871 -4.64472199999994473, 136.75972200000001067 -4.90666699999997036))",Arafura Sea,Straight Archipelagic Baseline (Garis Pangkal Lurus Kepulauan)
BSL_078,"MultiLineString ((134.81805600000006962 -5.59499999999997044, 136.12055600000007871 -4.64472199999994473))",Arafura Sea,Straight Archipelagic Baseline (Garis Pangkal Lurus Kepulauan)
BSL_079,"MultiLineString ((134.90722200000004705 -6.00249999999994088, 134.81805600000006962 -5.59499999999997044))",Arafura Sea,Straight Archipelagic Baseline (Garis Pangkal Lurus Kepulauan)
BSL_080,"MultiLineString ((134.91472200000009707 -6.32388899999995147, 134.90722200000004705 -6.00249999999994088))",Arafura Sea,Straight Archipelagic Baseline (Garis Pangkal Lurus Kepulauan)
BSL_081,"MultiLineString ((134.83666700000003402 -6.64722199999994245, 134.91472200000009707 -6.32388899999995147))",Arafura Sea,Straight Archipelagic Baseline (Garis Pangkal Lurus Kepulauan)
BSL_082,"MultiLineString ((134.7872220000000425 -6.83166699999992488, 134.83666700000003402 -6.64722199999994245))",Arafura Sea,Straight Archipelagic Baseline (Garis Pangkal Lurus Kepulauan)
BSL_083,"MultiLineString ((134.69055600000001505 -7.01888899999994464, 134.7872220000000425 -6.83166699999992488))",Arafura Sea,Straight Archipelagic Baseline (Garis Pangkal Lurus Kepulauan)
BSL_084,"MultiLineString ((134.67722200000002886 -7.02999999999997272, 134.69055600000001505 -7.01888899999994464))",Arafura Sea,Straight Archipelagic Baseline (Garis Pangkal Lurus Kepulauan)
BSL_085,"MultiLineString ((134.5219440000000759 -7.10388899999998102, 134.67722200000002886 -7.02999999999997272))",Arafura Sea,Straight Archipelagic Baseline (Garis Pangkal Lurus Kepulauan)
BSL_086,"MultiLineString ((134.47166700000002493 -7.08972199999993791, 134.5219440000000759 -7.10388899999998102))",Arafura Sea,Common Baseline (Garis Pangkal Biasa)
BSL_087,"MultiLineString ((134.19388900000001286 -6.95027799999996887, 134.47166700000002493 -7.08972199999993791))",Arafura Sea,Straight Archipelagic Baseline (Garis Pangkal Lurus Kepulauan)
BSL_088,"MultiLineString ((132.84500000000002728 -6.00694399999997586, 134.19388900000001286 -6.95027799999996887))",Arafura Sea,Straight Archipelagic Baseline (Garis Pangkal Lurus Kepulauan)
BSL_089,"MultiLineString ((131.98027800000011212 -7.24055599999996957, 132.84500000000002728 -6.00694399999997586))",Arafura Sea,Straight Archipelagic Baseline (Garis Pangkal Lurus Kepulauan)
BSL_090,"MultiLineString ((131.72583300000007966 -7.66361099999994622, 131.98027800000011212 -7.24055599999996957))",Arafura Sea,Straight Archipelagic Baseline (Garis Pangkal Lurus Kepulauan)
BSL_091,"MultiLineString ((131.30055600000002869 -8.05194399999993493, 131.72583300000007966 -7.66361099999994622))",Arafura Sea,Straight Archipelagic Baseline (Garis Pangkal Lurus Kepulauan)
BSL_092,"MultiLineString ((131.28194400000006681 -8.06583299999994097, 131.30055600000002869 -8.05194399999993493))",Arafura Sea,Straight Archipelagic Baseline (Garis Pangkal Lurus Kepulauan)
BSL_093,"MultiLineString ((131.12527800000009393 -8.17138899999997648, 131.28194400000006681 -8.06583299999994097))",Arafura Sea,Straight Archipelagic Baseline (Garis Pangkal Lurus Kepulauan)
BSL_094,"MultiLineString ((130.88888900000006288 -8.3074999999999477, 131.12527800000009393 -8.17138899999997648))",Timor Sea,Straight Archipelagic Baseline (Garis Pangkal Lurus Kepulauan)
BSL_095,"MultiLineString ((130.82111100000008719 -8.34166699999997263, 130.88888900000006288 -8.3074999999999477))",Timor Sea,Straight Archipelagic Baseline (Garis Pangkal Lurus Kepulauan)
BSL_096,"MultiLineString ((130.81305600000007416 -8.34472199999993336, 130.82111100000008719 -8.34166699999997263))",Timor Sea,Common Baseline (Garis Pangkal Biasa)
BSL_097,"MultiLineString ((130.75583300000005238 -8.34833299999996825, 130.81305600000007416 -8.34472199999993336))",Laut Timor,Common Baseline (Garis Pangkal Biasa)
BSL_098,"MultiLineString ((129.82555600000011964 -8.22472199999992881, 130.75583300000005238 -8.34833299999996825))",Laut Timor,Straight Archipelagic Baseline (Garis Pangkal Lurus Kepulauan)
BSL_099,"MultiLineString ((128.51444400000002588 -8.35249999999996362, 129.82555600000011964 -8.22472199999992881))",Laut Timor,Straight Archipelagic Baseline (Garis Pangkal Lurus Kepulauan)
BSL_100,"MultiLineString ((127.64277777800009517 -8.23888888899995209, 128.51444400000002588 -8.35249999999996362))",Timor Sea,Straight Archipelagic Baseline (Garis Pangkal Lurus Kepulauan)
BSL_101,"MultiLineString ((127.6344444440001098 -8.23805555599994932, 127.64277777800009517 -8.23888888899995209))",Timor Sea,Common Baseline (Garis Pangkal Biasa)
BSL_102,"MultiLineString ((127.14777777800009062 -8.10194444499995825, 127.6344444440001098 -8.23805555599994932))",Timor Sea,Straight Archipelagic Baseline (Garis Pangkal Lurus Kepulauan)
BSL_103,"MultiLineString ((126.46638888900008624 -7.97527777699997387, 127.14777777800009062 -8.10194444499995825))",Wetar Sea,Straight Archipelagic Baseline (Garis Pangkal Lurus Kepulauan)
BSL_104,"MultiLineString ((125.73500000000001364 -8.06222222199994576, 126.46638888900008624 -7.97527777699997387))",Wetar Sea,Straight Archipelagic Baseline (Garis Pangkal Lurus Kepulauan)
BSL_105,"MultiLineString ((125.14027777700005117 -8.31777777799993601, 125.73500000000001364 -8.06222222199994576))",Wetar Sea,Straight Archipelagic Baseline (Garis Pangkal Lurus Kepulauan)
BSL_106,"MultiLineString ((125.06027777800011336 -8.35722222199996168, 125.06353062900006989 -8.35645120699996369, 125.07421822600008454 -8.35062309999995023, 125.08558132200005275 -8.34672863299994106, 125.09634987900005854 -8.34413834599996562, 125.10885207200010427 -8.34234826699997711, 125.12083514600010403 -8.33919136999998045, 125.1254726560000563 -8.33642290999995339, 125.13146418300004825 -8.33059480299993993, 125.13656509200006894 -8.32420005399995944, 125.14027777700005117 -8.31777777799993601))",Ombai Sea,Common Baseline (Garis Pangkal Biasa)
BSL_107,"MultiLineString ((124.78611111100008202 -8.39944444399992562, 125.06027777800011336 -8.35722222199996168))",Ombai Sea,Straight Archipelagic Baseline (Garis Pangkal Lurus Kepulauan)
BSL_108,"MultiLineString ((124.94916666700009955 -8.95722222199992757, 124.78611111100008202 -8.39944444399992562))",Ombai Sea,Straight Archipelagic Baseline (Garis Pangkal Lurus Kepulauan)
BSL_109,"MultiLineString ((125.08888888900003167 -9.46027777799997693, 124.99416700000006131 -9.63583299999993415))",Timor Sea,Straight Archipelagic Baseline (Garis Pangkal Lurus Kepulauan)
BSL_110,"MultiLineString ((124.99416700000006131 -9.63583299999993415, 124.75000000000011369 -9.88277799999997342))",Timor Sea,Straight Archipelagic Baseline (Garis Pangkal Lurus Kepulauan)
BSL_111,"MultiLineString ((124.75000000000011369 -9.88277799999997342, 124.48305600000003324 -10.12055599999996502))",Timor Sea,Straight Archipelagic Baseline (Garis Pangkal Lurus Kepulauan)
BSL_112,"MultiLineString ((124.48305600000003324 -10.12055599999996502, 124.39555600000005597 -10.17194399999993948))",Timor Sea,Straight Archipelagic Baseline (Garis Pangkal Lurus Kepulauan)
BSL_113,"MultiLineString ((124.39555600000005597 -10.17194399999993948, 123.22277800000006209 -10.829721999999947))",Timor Sea,Straight Archipelagic Baseline (Garis Pangkal Lurus Kepulauan)
BSL_114,"MultiLineString ((123.22277800000006209 -10.829721999999947, 122.87694400000009409 -11.00999999999993406))",Indian Ocean,Straight Archipelagic Baseline (Garis Pangkal Lurus Kepulauan)
BSL_115,"MultiLineString ((122.87694400000009409 -11.00999999999993406, 121.83750000000009095 -10.62694399999998041))",Indian Ocean,Straight Archipelagic Baseline (Garis Pangkal Lurus Kepulauan)
BSL_116,"MultiLineString ((121.83750000000009095 -10.62694399999998041, 121.28250000000002728 -10.83333299999998189))",Indian Ocean,Straight Archipelagic Baseline (Garis Pangkal Lurus Kepulauan)
BSL_117,"MultiLineString ((121.28250000000002728 -10.83333299999998189, 121.27722200000005159 -10.83166699999998173))",Indian Ocean,Common Baseline (Garis Pangkal Biasa)
BSL_118,"MultiLineString ((121.27722200000005159 -10.83166699999998173, 120.45361100000002352 -10.31722199999995837))",Indian Ocean,Straight Archipelagic Baseline (Garis Pangkal Lurus Kepulauan)
BSL_119,"MultiLineString ((120.45361100000002352 -10.31722199999995837, 120.11722200000008343 -10.33944399999995767))",Indian Ocean,Straight Archipelagic Baseline (Garis Pangkal Lurus Kepulauan)
BSL_120,"MultiLineString ((120.11722200000008343 -10.33944399999995767, 120.11154742900009751 -10.33895662299994456, 120.10869534500011468 -10.33857012699996858, 120.10497313500002292 -10.33760388599995395, 120.09888900000009926 -10.33555599999994001))",Indian Ocean,Common Baseline (Garis Pangkal Biasa)
BSL_121,"MultiLineString ((120.09888900000009926 -10.33555599999994001, 119.05750000000011823 -9.69861099999997123))",Indian Ocean,Straight Archipelagic Baseline (Garis Pangkal Lurus Kepulauan)
BSL_122,"MultiLineString ((119.05750000000011823 -9.69861099999997123, 119.04872609200003808 -9.6924264339999695, 119.0252355020001005 -9.67462184999993724, 118.92472200000008797 -9.56277799999998024))",Indian Ocean,Common Baseline (Garis Pangkal Biasa)
BSL_123,"MultiLineString ((118.92472200000008797 -9.56277799999998024, 118.46722200000010616 -8.88944399999996904))",Indian Ocean,Straight Archipelagic Baseline (Garis Pangkal Lurus Kepulauan)
BSL_124,"MultiLineString ((118.46722200000010616 -8.88944399999996904, 117.05694400000004407 -9.10416699999996126))",Indian Ocean,Straight Archipelagic Baseline (Garis Pangkal Lurus Kepulauan)
BSL_125,"MultiLineString ((117.05694400000004407 -9.10416699999996126, 117.01277800000002571 -9.11027799999993704))",Indian Ocean,Straight Archipelagic Baseline (Garis Pangkal Lurus Kepulauan)
BSL_126,"MultiLineString ((117.01277800000002571 -9.11027799999993704, 116.00222200000007433 -8.92222199999997656))",Indian Ocean,Straight Archipelagic Baseline (Garis Pangkal Lurus Kepulauan)
BSL_127,"MultiLineString ((116.00222200000007433 -8.92222199999997656, 115.58694400000001679 -8.8197219999999561))",Indian Ocean,Straight Archipelagic Baseline (Garis Pangkal Lurus Kepulauan)
BSL_128,"MultiLineString ((115.58694400000001679 -8.8197219999999561, 115.17555600000002869 -8.85166699999996354))",Indian Ocean,Straight Archipelagic Baseline (Garis Pangkal Lurus Kepulauan)
BSL_129,"MultiLineString ((115.17555600000002869 -8.85166699999996354, 115.10861100000010993 -8.84888899999992873))",Indian Ocean,Common Baseline (Garis Pangkal Biasa)
BSL_130,"MultiLineString ((115.10861100000010993 -8.84888899999992873, 114.52583300000003419 -8.78722199999992881))",Indian Ocean,Straight Archipelagic Baseline (Garis Pangkal Lurus Kepulauan)
BSL_131,"MultiLineString ((114.52583300000003419 -8.78722199999992881, 113.29361100000005536 -8.50833299999993642))",Indian Ocean,Straight Archipelagic Baseline (Garis Pangkal Lurus Kepulauan)
BSL_132,"MultiLineString ((113.29361100000005536 -8.50833299999993642, 111.70861100000007582 -8.40666699999997036))",Indian Ocean,Straight Archipelagic Baseline (Garis Pangkal Lurus Kepulauan)
BSL_133,"MultiLineString ((111.70861100000007582 -8.40666699999997036, 111.51138900000006515 -8.37138899999996511))",Indian Ocean,Straight Archipelagic Baseline (Garis Pangkal Lurus Kepulauan)
BSL_134,"MultiLineString ((111.51138900000006515 -8.37138899999996511, 110.70861100000007582 -8.20083299999993187))",Indian Ocean,Straight Archipelagic Baseline (Garis Pangkal Lurus Kepulauan)
BSL_135,"MultiLineString ((110.70861100000007582 -8.20083299999993187, 110.43888888900005441 -8.10138888899996346))",Indian Ocean,Straight Archipelagic Baseline (Garis Pangkal Lurus Kepulauan)
BSL_136,"MultiLineString ((110.43888888900005441 -8.10138888899996346, 109.43111111100006383 -7.77749999999997499))",Indian Ocean,Straight Archipelagic Baseline (Garis Pangkal Lurus Kepulauan)
BSL_137,"MultiLineString ((109.43111111100006383 -7.77749999999997499, 109.04277800000005527 -7.78472199999993109))",Indian Ocean,Straight Archipelagic Baseline (Garis Pangkal Lurus Kepulauan)
BSL_138,"MultiLineString ((109.04277800000005527 -7.78472199999993109, 108.43250000000006139 -7.82138899999995374))",Indian Ocean,Straight Archipelagic Baseline (Garis Pangkal Lurus Kepulauan)
BSL_139,"MultiLineString ((108.43250000000006139 -7.82138899999995374, 108.32166700000004766 -7.8197219999999561))",Indian Ocean,Straight Archipelagic Baseline (Garis Pangkal Lurus Kepulauan)
BSL_140,"MultiLineString ((108.32166700000004766 -7.8197219999999561, 108.29861100000005081 -7.81749999999993861))",Indian Ocean,Straight Archipelagic Baseline (Garis Pangkal Lurus Kepulauan)
BSL_141,"MultiLineString ((108.29861100000005081 -7.81749999999993861, 107.84222200000004932 -7.74222199999996974))",Indian Ocean,Straight Archipelagic Baseline (Garis Pangkal Lurus Kepulauan)
BSL_142,"MultiLineString ((107.84222200000004932 -7.74222199999996974, 106.40388900000004924 -7.38888899999994919))",Indian Ocean,Straight Archipelagic Baseline (Garis Pangkal Lurus Kepulauan)
BSL_143,"MultiLineString ((107.84222200000004932 -7.74222199999996974, 106.40388900000004924 -7.38888899999994919))",Indian Ocean,Straight Archipelagic Baseline (Garis Pangkal Lurus Kepulauan)
BSL_144,"MultiLineString ((105.52361100000007355 -7.01666699999992716, 105.26222200000006524 -6.85472199999998111))",Indian Ocean,Straight Archipelagic Baseline (Garis Pangkal Lurus Kepulauan)
BSL_145,"MultiLineString ((105.26222200000006524 -6.85472199999998111, 105.23888900000008562 -6.83944399999995767))",Indian Ocean,Straight Archipelagic Baseline (Garis Pangkal Lurus Kepulauan)
BSL_146,"MultiLineString ((105.23888900000008562 -6.83944399999995767, 104.44055600000007189 -5.89583299999992505))",Indian Ocean,Straight Archipelagic Baseline (Garis Pangkal Lurus Kepulauan)
BSL_147,"MultiLineString ((104.44055600000007189 -5.89583299999992505, 103.91583300000007739 -5.23944399999993493))",Indian Ocean,Common Baseline (Garis Pangkal Biasa)
BSL_148,"MultiLineString ((103.91583300000007739 -5.23944399999993493, 102.35305600000003778 -5.51388899999994919))",Indian Ocean,Straight Archipelagic Baseline (Garis Pangkal Lurus Kepulauan)
BSL_149,"MultiLineString ((102.35305600000003778 -5.51388899999994919, 102.26666700000004084 -5.52027799999996205))",Indian Ocean,Common Baseline (Garis Pangkal Biasa)
BSL_150,"MultiLineString ((102.26666700000004084 -5.52027799999996205, 102.24500000000006139 -5.50833299999993642))",Indian Ocean,Common Baseline (Garis Pangkal Biasa)
BSL_151,"MultiLineString ((102.24500000000006139 -5.50833299999993642, 102.0844440000000759 -5.35972199999997656))",Indian Ocean,Straight Archipelagic Baseline (Garis Pangkal Lurus Kepulauan)
BSL_152,"MultiLineString ((102.0844440000000759 -5.35972199999997656, 101.03027800000006664 -4.01999999999992497))",Indian Ocean,Straight Archipelagic Baseline (Garis Pangkal Lurus Kepulauan)
BSL_153,"MultiLineString ((101.03027800000006664 -4.01999999999992497, 100.32972200000006069 -3.29666699999995672))",Indian Ocean,Straight Archipelagic Baseline (Garis Pangkal Lurus Kepulauan)
BSL_154,"MultiLineString ((100.32972200000006069 -3.29666699999995672, 99.99861100000003944 -2.83722199999994018))",Indian Ocean,Straight Archipelagic Baseline (Garis Pangkal Lurus Kepulauan)
BSL_155,"MultiLineString ((99.99861100000003944 -2.83722199999994018, 99.07611100000008264 -1.86611099999993257))",Indian Ocean,Straight Archipelagic Baseline (Garis Pangkal Lurus Kepulauan)
BSL_156,"MultiLineString ((99.07611100000008264 -1.86611099999993257, 98.87638900000007425 -1.67861099999993257))",Indian Ocean,Straight Archipelagic Baseline (Garis Pangkal Lurus Kepulauan)
BSL_157,"MultiLineString ((98.87638900000007425 -1.67861099999993257, 98.60194400000005999 -1.22555599999992637))",Indian Ocean,Straight Archipelagic Baseline (Garis Pangkal Lurus Kepulauan)
BSL_158,"MultiLineString ((98.60194400000005999 -1.22555599999992637, 97.85388900000003787 -0.09249999999997272))",Indian Ocean,Straight Archipelagic Baseline (Garis Pangkal Lurus Kepulauan)
BSL_159,"MultiLineString ((97.85388900000003787 -0.09249999999997272, 97.83527800000007346 -0.06805599999995593))",Indian Ocean,Straight Archipelagic Baseline (Garis Pangkal Lurus Kepulauan)
BSL_160,"MultiLineString ((97.83527800000007346 -0.06805599999995593, 97.08000000000004093 1.21305600000005143))",Indian Ocean,Straight Archipelagic Baseline (Garis Pangkal Lurus Kepulauan)
BSL_161,"MultiLineString ((97.08000000000004093 1.21305600000005143, 97.06055600000007644 1.40527800000006664))",Indian Ocean,Straight Archipelagic Baseline (Garis Pangkal Lurus Kepulauan)
BSL_162,"MultiLineString ((97.06055600000007644 1.40527800000006664, 95.91805600000003551 2.52972200000004932))",Indian Ocean,Straight Archipelagic Baseline (Garis Pangkal Lurus Kepulauan)
BSL_163,"MultiLineString ((95.91805600000003551 2.52972200000004932, 95.39277800000007801 2.96416700000003175))",Indian Ocean,Straight Archipelagic Baseline (Garis Pangkal Lurus Kepulauan)
BSL_164,"MultiLineString ((95.39277800000007801 2.96416700000003175, 95.39272534400004133 2.96426571000006334, 95.385479278000048 2.98122402100005957, 95.38500000000004775 2.98250000000007276))",Indian Ocean,Common Baseline (Garis Pangkal Biasa)
BSL_165,"MultiLineString ((95.38500000000004775 2.98250000000007276, 95.36277800000004845 4.87583300000005693))",Indian Ocean,Straight Archipelagic Baseline (Garis Pangkal Lurus Kepulauan)
BSL_166,"MultiLineString ((95.36277800000004845 4.87583300000005693, 95.20194400000008272 5.27611100000007127))",Indian Ocean,Straight Archipelagic Baseline (Garis Pangkal Lurus Kepulauan)
BSL_167,"MultiLineString ((95.20194400000008272 5.27611100000007127, 94.97250000000008185 5.79277800000005527))",Indian Ocean,Straight Archipelagic Baseline (Garis Pangkal Lurus Kepulauan)
BSL_168,"MultiLineString ((94.97250000000008185 5.79277800000005527, 95.11250000000006821 6.07500000000004547))",Indian Ocean,Straight Archipelagic Baseline (Garis Pangkal Lurus Kepulauan)
BSL_169,"MultiLineString ((95.11250000000006821 6.07500000000004547, 95.11455300000005764 6.07615500000002839, 95.11597900000003847 6.07646800000003395, 95.11703600000004144 6.07649700000007442, 95.1183650000000398 6.07581200000004173, 95.11972200000008115 6.07500000000004547))",Indian Ocean,Common Baseline (Garis Pangkal Biasa)
BSL_170,"MultiLineString ((95.11972200000008115 6.07500000000004547, 95.3341670000000363 5.89722200000005614))",Malaca Strait,Straight Archipelagic Baseline (Garis Pangkal Lurus Kepulauan)
BSL_171,"MultiLineString ((95.3341670000000363 5.89722200000005614, 95.88777800000008256 5.50333300000005465))",Malaca Strait,Straight Archipelagic Baseline (Garis Pangkal Lurus Kepulauan)
BSL_172,"MultiLineString ((95.88777800000008256 5.50333300000005465, 96.83250000000003865 5.27527800000007119))",Malaca Strait,Straight Archipelagic Baseline (Garis Pangkal Lurus Kepulauan)
BSL_173,"MultiLineString ((96.83250000000003865 5.27527800000007119, 97.49444400000004407 5.25111100000003717))",Malaca Strait,Straight Archipelagic Baseline (Garis Pangkal Lurus Kepulauan)
BSL_174,"MultiLineString ((97.49444400000004407 5.25111100000003717, 97.54833300000007057 5.21694400000006908))",Malaca Strait,Common Baseline (Garis Pangkal Biasa)
BSL_175,"MultiLineString ((97.54833300000007057 5.21694400000006908, 97.9136110000000599 4.89388900000005833))",Malaca Strait,Straight Archipelagic Baseline (Garis Pangkal Lurus Kepulauan)
BSL_176,"MultiLineString ((97.9136110000000599 4.89388900000005833, 98.28750000000007958 4.42666700000006585))",Malaca Strait,Straight Archipelagic Baseline (Garis Pangkal Lurus Kepulauan)
BSL_177,"MultiLineString ((98.28750000000007958 4.42666700000006585, 99.50083300000005693 3.77722200000005159))",Malaca Strait,Straight Archipelagic Baseline (Garis Pangkal Lurus Kepulauan)
BSL_178,"MultiLineString ((99.50083300000005693 3.77722200000005159, 100.68472200000007888 2.86944400000004407))",Malaca Strait,Straight Archipelagic Baseline (Garis Pangkal Lurus Kepulauan)
BSL_179,"MultiLineString ((100.68472200000007888 2.86944400000004407, 101.70833300000003874 2.09500000000002728))",Malaca Strait,Straight Archipelagic Baseline (Garis Pangkal Lurus Kepulauan)
BSL_180,"MultiLineString ((101.70833300000003874 2.09500000000002728, 102.47027800000006437 1.52472200000005387))",Malaca Strait,Straight Archipelagic Baseline (Garis Pangkal Lurus Kepulauan)
BSL_181,"MultiLineString ((102.47027800000006437 1.52472200000005387, 102.96972200000004705 1.1011110000000599))",Malaca Strait,Straight Archipelagic Baseline (Garis Pangkal Lurus Kepulauan)
BSL_182,"MultiLineString ((102.96972200000004705 1.1011110000000599, 103.35222200000004023 1.19166700000005221))",Malaca Strait,Straight Archipelagic Baseline (Garis Pangkal Lurus Kepulauan)
BSL_183,"MultiLineString ((103.35222200000004023 1.19166700000005221, 103.38888900000006288 1.16638900000003787))",Malaca Strait,Straight Archipelagic Baseline (Garis Pangkal Lurus Kepulauan)
BSL_184,"MultiLineString ((103.38888900000006288 1.16638900000003787, 103.65305600000004915 1.153611000000069))",Malaca Strait,Straight Archipelagic Baseline (Garis Pangkal Lurus Kepulauan)
BSL_185,"MultiLineString ((103.65305600000004915 1.153611000000069, 103.65583300000008649 1.15333300000003192))",Singapore Strait,Common Baseline (Garis Pangkal Biasa)
BSL_186,"MultiLineString ((103.65583300000008649 1.15333300000003192, 103.699444000000085 1.12888900000007197))",Singapore Strait,Straight Archipelagic Baseline (Garis Pangkal Lurus Kepulauan)
BSL_187,"MultiLineString ((103.699444000000085 1.12888900000007197, 103.77500000000003411 1.12416700000005676))",Singapore Strait,Straight Archipelagic Baseline (Garis Pangkal Lurus Kepulauan)
BSL_188,"MultiLineString ((103.77500000000003411 1.12416700000005676, 103.81388900000007425 1.15722200000004705))",Singapore Strait,Straight Archipelagic Baseline (Garis Pangkal Lurus Kepulauan)
BSL_189,"MultiLineString ((103.81388900000007425 1.15722200000004705, 103.88250000000005002 1.18500000000005912))",Singapore Strait,Straight Archipelagic Baseline (Garis Pangkal Lurus Kepulauan)
BSL_190,"MultiLineString ((103.88250000000005002 1.18500000000005912, 104.07972200000006069 1.20805600000005597))",Singapore Strait,Straight Archipelagic Baseline (Garis Pangkal Lurus Kepulauan)
BSL_191,"MultiLineString ((104.07972200000006069 1.20805600000005597, 104.39361100000007809 1.20444400000002361))",Singapore Strait,Straight Archipelagic Baseline (Garis Pangkal Lurus Kepulauan)
BSL_192,"MultiLineString ((104.39361100000007809 1.20444400000002361, 104.55611100000004399 1.24305600000002414))",Singapore Strait,Straight Archipelagic Baseline (Garis Pangkal Lurus Kepulauan)
BSL_193,"MultiLineString ((104.55611100000004399 1.24305600000002414, 104.56967022600008477 1.24303437800006122, 104.56986828700007663 1.24303437800006122, 104.5728250810000759 1.24249715300004482, 104.57307972900008508 1.24239819000007401, 104.5755560000000628 1.24083300000006602))",Singapore Strait,Common Baseline (Garis Pangkal Biasa)