sID,sourceDocumentName,sourceOnlineResourceLinkageURL,sourceOnlineResourceProtocol,sourceOnlineResourceApplicationProfile,sourceOnlineResourceName,sourceOnlineResourceDescription,sourceOnlineResourceFunction,sourceRegistryNumber,sourceAdministrativeDateStamp,sourceAuthoritativeDate,sourceDocumentType,sourceAvailabilityStatus,administrativeSourceType,spatialSourceType,sourceType,sourceRecordation,responsiblePartyContactOnline,responsiblePartyOnlineProtocol,responsiblePartyOnlineApplicationProfile,responsiblePartyOnlineContactName,responsiblePartyOnlineDescription,responsiblePartyOganizationName,responsiblePartyPositionName,responsiblePartyContactPhone,responsiblePartyRole,responsiblePartyContactAddressCountry,responsiblePartyContactAddressDeliveryPoint,responsiblePartyContactAddressCity,responsiblePartyContactElectronicMailAddress,responsiblePartyContactAddressAdministrativeArea,responsiblePartyContactAddressPostalCode
UNCLOS1982,United Nations Convention on the Law of the Sea,https://www.un.org/depts/los/convention_agreements/texts/unclos/unclos_e.pdf,HTTPS,"HTML, PDF",UNCLOS 1982,"International conventions governing the law of the sea regime, including the determination of the territorial sea, EEZ, and the continental shelf. All information is provided based on the availability of verifiable sources.","information, download",UNCLOS 1982,2026-04-24,1982-12-10,International Convention,docAvailable,internationalAgreement,,Convention,1982-12-10,https://www.un.org/depts/los,HTTPS,HTML,United Nations Division for Ocean Affairs and the Law of the Sea (DOALOS),information,United Nations,Secretariat / Legal Affairs Division,(+1)-212-963-1234,Publisher,International,United Nations Headquarters,New York,doalos@un.org,New York,10017
UU17_1985,Undang-undang (UU) Nomor 17 Tahun 1985 tentang Pengesahan Konvensi Perserikatan Bangsa-Bangsa tentang Hukum Laut (United Nations Convention on The Law of The Sea),https://peraturan.bpk.go.id/Details/46968,HTTPS,"HTML, PDF",UU Nomor 17 Tahun 1985,Undang-Undang (Law) ratifying the United Nations Convention on the Law of the Sea (UNCLOS) into law applicable in Indonesia. All information is provided based on the availability of verifiable sources.,"information, download",UU No. 17 Tahun 1985,2026-04-24,1985-12-31,Law,docAvailable,domesticLegislativeInstrument,,Legislation,1985-12-31,https://peraturan.bpk.go.id/,HTTPS,HTML, JDIH BPK RI,information,Government of the Republic of Indonesia,Sekretariat Negara (State Secretariat),(+62)-21-25549000,Publisher,Indonesia,"Jalan Gatot Subroto, 31",Jakarta Pusat,eppid@bpk.go.id,DKI Jakarta,10210
PP38_2002,Peraturan Pemerintah (PP) Nomor 38 Tahun 2002 tentang Daftar KoordIDNt Geografis Titik-Titik Garis Pangkal Kepulauan Indonesia,https://peraturan.bpk.go.id/Details/52451/pp-no-38-tahun-2002,HTTPS,"HTML, PDF",PP No.38 TH 2002,Peraturan Pemerintah (Government Regulation) establishing the geographical coordinates of the points of the Indonesian archipelagic baselines; hydrographicChart is used to indicate the referenced spatial chart source. All information is presented in accordance with the availability of verifiable sources.,"information, download",PP No. 38 Tahun 2002,2026-04-24,2002-06-28,Government Regulation,docAvailable,domesticLegislativeInstrument,hydrographicChart,Legislation,2002-06-28,https://peraturan.bpk.go.id/,HTTPS,HTML, JDIH BPK RI,information,Government of the Republic of Indonesia,Sekretariat Negara (State Secretariat),(+62)-21-25549000,Publisher,Indonesia,"Jalan Gatot Subroto, 31",Jakarta Pusat,eppid@bpk.go.id,DKI Jakarta,10210
PP37_2008,Peraturan Pemerintah (PP) Nomor 37 Tahun 2008 tentang Perubahan Atas Peraturan Pemerintah Nomor 38 Tahun 2002 Tentang Daftar KoordIDNt Geografis Titik Titik Garis Pangkal Kepulauan Indonesia,https://peraturan.bpk.go.id/Details/4851/pp-no-37-tahun-2008,HTTPS,"HTML, PDF",PP 37 Tahun 2008,Amendments and updates to the list of geographical coordinates of the Indonesian archipelagic baselines; hydrographicChart is used to indicate the referenced spatial chart source. All information is provided based on the availability of verifiable sources.,"information, download",PP No. 37 Tahun 2008,2026-04-24,2008-05-19,Government Regulation,docAvailable,domesticLegislativeInstrument,hydrographicChart,Legislation,2008-05-19,https://peraturan.bpk.go.id/,HTTPS,HTML, JDIH BPK RI,information,Government of the Republic of Indonesia,Sekretariat Negara (State Secretariat),(+62)-21-25549000,Publisher,Indonesia,"Jalan Gatot Subroto, 31",Jakarta Pusat,eppid@bpk.go.id,DKI Jakarta,10210
DEPOSIT_INDONESIA_2009,"Deposit by the Republic of Indonesia of a list of geographical coordIDNtes of points, pursuant to article 47, paragraph 9, of the Convention",https://www.un.org/depts/los/LEGISLATIONANDTREATIES/PDFFILES/mzn_s/mzn67.pdf,HTTPS,"HTML, PDF",mzn67,"Deposit of a list of geographical coordinates of points defining the Indonesian archipelagic baselines, submitted to the United Nations in accordance with UNCLOS obligations, based on Government Regulation No. 38 of 2002 as amended by Government Regulation No. 37 of 2008. All information is presented based on the availability of verifiable sources. ","information, download",M.Z.N.67.2009.LOS (Maritime Zone Notification),2026-04-24,2009-03-25,International Submission (Deposit of coordIDNtes),docAvailable,domesticAdministrative,hydrographicChart,Submission,2009-03-11,https://peraturan.bpk.go.id/,HTTPS,HTML,United Nations Division for Ocean Affairs and the Law of the Sea (DOALOS),information,United Nations (DOALOS),,(+1)-212-963-1234,pointofContact,Indonesia,United Nations Headquarters,New York,doalos@un.org,New York,10017
UU06_1996,Undang-undang (UU) Nomor 6 Tahun 1996 tentang Perairan Indonesia,https://peraturan.bpk.go.id/Details/46096/uu-no-6-tahun-1996,HTTPS,"HTML, PDF",UU Nomor 6 Tahun 1996.pdf,"Undang-Undang (Law) governing Indonesian waters, including the territorial sea, archipelagic waters, internal waters, and Indonesia’s maritime rights and authority. Used as a specific source for RRR related to Indonesian waters and foreign vessel passage; institutional and maritime law enforcement aspects refer to Law No. 32 of 2014 on Maritime Affairs. All information is provided based on the availability of verifiable source","information, download",UU No. 6 Tahun 1996,2026-04-24,1996-08-08,Law,docAvailable,domesticLegislativeInstrument,,Law,1996-08-08,https://peraturan.bpk.go.id/,HTTPS,HTML, JDIH BPK RI,information,Government of the Republic of Indonesia,Sekretariat Negara (State Secretariat),(+62)-21-25549000,Publisher,Indonesia,"Jalan Gatot Subroto, 31",Jakarta Pusat,eppid@bpk.go.id,DKI Jakarta,10210
UU32_2014,Undang-undang (UU) Nomor 32 Tahun 2014 tentang Kelautan,http://peraturan.bpk.go.id/Details/38710/uu-no-32-tahun-2014,HTTPS,"HTML, PDF",UU Nomor 32 Tahun 2014.pdf,"Law governing the administration of Indonesian maritime affairs, including maritime areas, marine spatial management, marine environmental protection, defense, security, law enforcement, safety at sea, as well as governance and institutional arrangements. All information is provided based on the availability of verifiable source","information, download",UU No. 32 Tahun 2014,2026-05-07,2014-10-17,Law,docAvailable,domesticLegislativeInstrument,,Legislation,2014-10-17,https://peraturan.bpk.go.id/,HTTPS,HTML, JDIH BPK RI,information,Government of the Republic of Indonesia,Sekretariat Negara (State Secretariat),(+62)-21-25549000,Publisher,Indonesia,"Jalan Gatot Subroto, 31",Jakarta Pusat,eppid@bpk.go.id,DKI Jakarta,10210
IDN_MYS_CS_1969,Keputusan Presiden (Keppres) Nomor 89 Tahun 1969 tentang Mengesahkan Persetujuan antara Republik Indonesia dan Pemerintah Malaysia Tentang Penetapan Garis-Garis Landas Kontinen Antara Kedua Negara,https://peraturan.bpk.go.id/Details/105468/keppres-no-89-tahun-1969,HTTPS,"HTML, PDF",Kepres No.89 Tahun 1969,Ratification of the Indonesia–Malaysia bilateral agreement regarding the delimitation of continental shelf boundaries in the Malacca Strait and the South China Sea. All information is provided based on the availability of verifiable sources.,"information, download",Keppres No. 89 Tahun 1969,2026-04-24,1969-11-05,Presidential Decree,docAvailable,domesticLegislativeInstrument,,Legislation,1969-11-05,https://peraturan.bpk.go.id/,HTTPS,HTML, JDIH BPK RI,information,Government of the Republic of Indonesia,Sekretariat Negara (State Secretariat),(+62)-21-25549000,Publisher,Indonesia,"Jalan Gatot Subroto, 31",Jakarta Pusat,eppid@bpk.go.id,DKI Jakarta,10210
TREATY_MYS_CS_1969,"Agreement between the Government of Malaysia and the Government of Indonesia on the delimitation of the continental shelves between the two countries, 27 October 1969",https://www.un.org/depts/los/LEGISLATIONANDTREATIES/PDFFILES/TREATIES/MYS-IDN1969CS.PDF,HTTPS,"HTML, PDF",MYS-IDN1969CS,Bilateral agreement between Indonesia and Malaysia on the delimitation of the continental shelf boundaries in the Malacca Strait and the South China Sea. All information is presented in accordance with the availability of verifiable sources.,"information, download",Agreement Indonesia-Malaysia Delimitation of Continental Shelves 1969,2026-04-24,,Agreement,docAvailable,internationalAgreement,relativeMeasurement,Treaty,,https://www.un.org/depts/los,HTTPS,HTML,United Nations Division for Ocean Affairs and the Law of the Sea (DOALOS),information,United Nations,Secretariat / Legal Affairs Division,(+1)-212-963-1234,Custodian,International,United Nations Headquarters,New York,doalos@un.org,New York,10017
IDN_MYS_TS_1971,Undang-undang (UU) Nomor 2 Tahun 1971 tentang Perjanjian antara Republik Indonesia dan Malaysia Tentang Penetapan Garis Batas Laut Wilayah Kedua Negara Di Selat Malaka,https://peraturan.bpk.go.id/Details/47556/uu-no-2-tahun-1971,HTTPS,"HTML, PDF",UU Nomor 2 Tahun 1971,Ratification of the bilateral agreement establishing the territorial sea boundaries between Indonesia and Malaysia in the Malacca Strait. All information is presented in accordance with the availability of verifiable sources.,"information, download",UU No. 2 Tahun 1971,2026-04-24,1971-03-10,Law,docAvailable,domesticLegislativeInstrument,,Legislation,1971-03-10,https://peraturan.bpk.go.id/,HTTPS,HTML, JDIH BPK RI,information,Government of the Republic of Indonesia,Sekretariat Negara (State Secretariat),(+62)-21-25549000,Publisher,Indonesia,"Jalan Gatot Subroto, 31",Jakarta Pusat,eppid@bpk.go.id,DKI Jakarta,10210
TREATY_MYS_TS_1970,Treaty Between The Republic Of Indonesia And Malaysia On DetermIDNtion Of Boundary Lines Of Territorial Waters Of The Two Nations At The Strait Of Malacca,https://maritimeindex.org/wp-content/uploads/2022/01/ENG-treaty-between-the-republic-of-indonesia-and-malaysia-relating-the-delimitation-of-the-territorial-seas-of-the-two-countries-in-the-straits-of-malacca-1970.pdf,HTTPS,"HTML, PDF",Treaty Indonesia-Malaysia of Territorial Sea 1970,"Bilateral agreement establishing the territorial sea boundaries between Indonesia and Malaysia in the Malacca Strait. The original document is unavailable; however, additional information regarding the agreement was obtained from Asian Maritime Index website as a supporting source. All information is presented in accordance with the availability of verifiable sources.","information, download",Treaty Indonesia-Malaysia of Territorial Sea 1970,2026-04-24,,Treaty,docAvailable,internationalAgreement,relativeMeasurement,Treaty,,https://maritimeindex.org,HTTPS,HTML,Asian Maritime Index,information,Asian Maritime Index,Data provider,,Distributor,International,"Maritime Security Lab, Tokyo International University Room 1706, 4-42-31 Higashi-Ikebukuro, Toshima Ward",Tokyo,,Tokyo,170-0013
IDN_SGP_TS_1973,Undang-undang (UU) Nomor 7 Tahun 1973 tentang Perjanjian antara Republik Indonesia dan Republik Singapura Mengenai Penetapan Garis Batas Laut Wilayah Kedua Negara di Selat Singapura,https://peraturan.bpk.go.id/Details/47436/uu-no-7-tahun-1973,HTTPS,"HTML, PDF",UU Nomor 7 Tahun 1973,Ratification of the bilateral agreement on the delimitation of the territorial sea boundaries between Indonesia and Singapore in the Singapore Strait. All information is presented in accordance with the availability of verifiable sources.,"information, download",UU No. 7 Tahun 1973,2026-04-24,1973-12-08,Law,docAvailable,domesticLegislativeInstrument,,Legislation,1973-12-08,https://peraturan.bpk.go.id/,HTTPS,HTML, JDIH BPK RI,information,Government of the Republic of Indonesia,Sekretariat Negara (State Secretariat),(+62)-21-25549000,Publisher,Indonesia,"Jalan Gatot Subroto, 31",Jakarta Pusat,eppid@bpk.go.id,DKI Jakarta,10210
TREATY_SGP_TS_1973,"Treaty between the Republic of Indonesia and the Republic of Singapore relating to the delimitation of the territorial seas of the two countries in the Strait of Singapore, 25 May 1973 ",https://maritimeindex.org/wp-content/uploads/2021/12/INDONE3.pdf,HTTPS,"HTML, PDF",INDONE3,"Bilateral agreement for the delimitation of the territorial sea boundaries between Indonesia and Singapore based on the 1973 agreement. The original document is unavailable; however, additional information regarding the agreement was obtained from Asian Maritime Index website as a supporting source. All information is presented in accordance with the availability of verifiable sources.","information, download",45144,2026-04-24,1974-08-29,Agreement,docAvailable,internationalAgreement,relativeMeasurement,Treaty,2008-08-05,https://maritimeindex.org,HTTPS,HTML,Asian Maritime Index,information,Asian Maritime Index,Data provider,,Distributor,International,"Maritime Security Lab, Tokyo International University Room 1706, 4-42-31 Higashi-Ikebukuro, Toshima Ward",Tokyo,,Tokyo,170-0013
IDN_SGP_TS_W_2010,"Undang-undang (UU) Nomor 4 Tahun 2010 tentang Pengesahan Perjanjian antara Republik Indonesia dan Republik Singapura tentang Penetapan Garis Batas Laut Wilayah Kedua Negara Di Bagian Barat Selat Singapura, 2009 (Treaty Between The Republic of Indonesia and The Republic of Singapore Relating to The Delimitation of The Territorial Seas of The Two Countries In The Western Part of The Strait of Singapore, 2009)",https://peraturan.bpk.go.id/Details/38539/uu-no-4-tahun-2010,HTTPS,"HTML, PDF",UU Nomor 4 Tahun 2010,Ratification of the agreement on the delimitation of the territorial sea boundaries in the western part of the Singapore Strait. All information is presented in accordance with the availability of verifiable sources.,"information, download",UU No. 4 Tahun 2010,2026-04-24,2010-06-22,Law,docAvailable,domesticLegislativeInstrument,,Legislation,2010-06-22,https://peraturan.bpk.go.id/,HTTPS,HTML, JDIH BPK RI,information,Government of the Republic of Indonesia,Sekretariat Negara (State Secretariat),(+62)-21-25549000,Publisher,Indonesia,"Jalan Gatot Subroto, 31",Jakarta Pusat,eppid@bpk.go.id,DKI Jakarta,10210
TREATY_SGP_TS_W_2009,Treaty Between The Republic of Indonesia and The Republic of Singapore Relating to The Delimitation of The Territorial Seas of The Two Countries In The Western Part of The Strait of Singapore,https://maritimeindex.org/wp-content/uploads/2021/12/IN3F941.pdf,HTTPS,"HTML, PDF",IN3F941,"Agreement on the delimitation of the territorial sea boundaries in the western part of the Singapore Strait.The original document is unavailable; however, additional information regarding the agreement was obtained from Asian Maritime Index website as a supporting source. All information is presented in accordance with the availability of verifiable sources.","information, download",48026,2026-04-24,2009-03-10,Treaty,docAvailable,internationalAgreement,relativeMeasurement,Treaty,2010-12-16,https://maritimeindex.org,HTTPS,HTML,Asian Maritime Index,information,Asian Maritime Index,Data provider,,Distributor,International,"Maritime Security Lab, Tokyo International University Room 1706, 4-42-31 Higashi-Ikebukuro, Toshima Ward",Tokyo,,Tokyo,170-0013
IDN_SGP_TS_E_2017,"Undang-undang (UU) Nomor 1 Tahun 2017 tentang Pengesahan Perjanjian antara Republik Indonesia dan Republik Singapura tentang Penetapan Garis Batas Laut Wilayah Kedua Negara di Bagian Timur Selat Singapura, 2014 (Treaty Between The Republic of Singapore Relating to The Delimtation of The Territorial Seas of The Two Contries in The Eastern Part of The Strait of Singapore 2014)",https://peraturan.bpk.go.id/Details/11963/uu-no-1-tahun-2017,HTTPS,"HTML, PDF",UU Nomor 1 Tahun 2017,Ratification of the agreement on the delimitation of the territorial sea boundaries in the eastern part of the Singapore Strait. All information is presented in accordance with the availability of verifiable sources.,"information, download",UU No. 1 Tahun 2017,2026-04-24,2017-01-12,Law,docAvailable,domesticLegislativeInstrument,,Legislation,2017-01-12,https://peraturan.bpk.go.id/,HTTPS,HTML, JDIH BPK RI,information,Government of the Republic of Indonesia,Sekretariat Negara (State Secretariat),(+62)-21-25549000,Publisher,Indonesia,"Jalan Gatot Subroto, 31",Jakarta Pusat,eppid@bpk.go.id,DKI Jakarta,10210
ANNEX_IDN_SGP_TS_E_2017,"Lampiran undang-undang (UU) Nomor 1 Tahun 2017 tentang Pengesahan Perjanjian antara Republik Indonesia dan Republik Singapura tentang Penetapan Garis Batas Laut Wilayah Kedua Negara di Bagian Timur Selat Singapura, 2014 (Treaty Between The Republic of Singapore Relating to The Delimtation of The Territorial Seas of The Two Contries in The Eastern Part of The Strait of Singapore 2014)",https://peraturan.bpk.go.id/Details/11963/uu-no-1-tahun-2017,HTTPS,"HTML, PDF",UU Nomor 1 Tahun 2017 - Lampiran,Annex of ratification of the agreement on the delimitation of the territorial sea boundaries in the eastern part of the Singapore Strait. All information is presented in accordance with the availability of verifiable sources.,"information, download",UU No. 1 Tahun 2018,2026-04-25,2017-01-12,Law,docAvailable,domesticLegislativeInstrument,hydrographicChart,Legislation,2017-01-12,https://peraturan.bpk.go.id/,HTTPS,HTML, JDIH BPK RI,information,Government of the Republic of Indonesia,Sekretariat Negara (State Secretariat),(+62)-21-3845628,Publisher,Indonesia,"Jalan Gatot Subroto, 31",Jakarta Pusat,eppid@bpk.go.id,DKI Jakarta,10210
TREATY_SGP_TS_E_2014,Treaty between the Republic of Singapore and the Republic of Indonesia Relating to the Delimitation of the Territorial Seas of the Two Countries in the Eastern Part of the Strait of Singapore,https://treaties.un.org/Pages/showDetails.aspx?objid=08000002804cce54,HTTPS,"HTML, PDF",volume-3202-I-54672,Agreement on the delimitation of the territorial sea boundaries in the eastern part of the Singapore Strait. All information is presented in accordance with the availability of verifiable sources.,"information, download",54672,2026-04-24,2017-02-10,Treaty,docAvailable,internationalAgreement,hydrographicChart,Treaty,2017-09-25,https://treaties.un.org,HTTPS,HTML,United Nation Treaty Collection,information,United Nations,Treaty Section - Office of Legal Affairs,,Custodian,International,2 UN Plaza - 323 E 44th Street Room DC2-0501,New York,treatysection@un.org,New York,10017
IDN_AUS_CS_1971,"Keputusan Presiden (Keppres) Nomor 42 Tahun 1971 tentang Mengesahkan ""Persetujuan Antara Republik Indonesia dan Pemerintah Commonwealth Australia Tentang Penetapan Batas-Batas Dasar Laut Tertentu (Agreement Between The Government Of The Republic Of Indonesia and The Government of The Commonwealth of Australia)",https://peraturan.bpk.go.id/Details/77979/keppres-no-42-tahun-1971,HTTPS,"HTML, PDF",Kep.Pres No. 42 Tahun 1971,Ratification of the agreement on the delimitation of the seabed boundaries between Indonesia and Australia. All information is presented in accordance with the availability of verifiable sources.,"information, download",Keppres No. 42 Tahun 1971,2026-04-24,1971-07-01,Presidential Decree,docAvailable,domesticLegislativeInstrument,,Legislation,1971-07-01,https://peraturan.bpk.go.id/,HTTPS,HTML, JDIH BPK RI,information,Government of the Republic of Indonesia,Sekretariat Negara (State Secretariat),(+62)-21-25549000,Publisher,Indonesia,"Jalan Gatot Subroto, 31",Jakarta Pusat,eppid@bpk.go.id,DKI Jakarta,10210
TREATY_AUS_CS_1971,Agreement between the Government of the Commonwealth of Australia and the Government of the Republic of Indonesia Establishing Certain Seabed Boundaries (18 May 1971),https://www.un.org/depts/los/LEGISLATIONANDTREATIES/PDFFILES/TREATIES/AUS-IDN1971SB.pdf,HTTPS,"HTML, PDF",AUS-IDN1971SB,Agreement on the delimitation of the seabed boundaries between Indonesia and Australia. All information is presented in accordance with the availability of verifiable sources.,"information, download",14122,2026-04-24,1973-11-08,Agreement,docAvailable,internationalAgreement,relativeMeasurement,Treaty,1975-08-07,https://www.un.org/depts/los,HTTPS,HTML,United Nations Division for Ocean Affairs and the Law of the Sea (DOALOS),information,United Nations,Secretariat / Legal Affairs Division,(+1)-212-963-1234,Custodian,International,United Nations Headquarters,New York,doalos@un.org,New York,10017
TREATY_AUS_CS_1972,"Agreement establishing certain seabed boundaries in the area of the Timor and Arafura seas, supplementary to the Agreement of 18 May 1971 (with chart). Signed at Jakarta on 9 October 1972",https://www.un.org/depts/los/LEGISLATIONANDTREATIES/PDFFILES/TREATIES/AUS-IDN1972TA.pdf,HTTPS,"HTML, PDF",AUS-IDN1972TA,"Agreement establishing certain seabed boundaries in the area of the Timor and Arafura seas, supplementary to the Agreement of 18 May 1971 (with chart). All information is presented in accordance with the availabiity of verifiable sources.","information, download",14123,2026-05-08,1973-11-08,Agreement,docAvailable,internationalAgreement,relativeMeasurement,Treaty,1975-08-07,https://www.un.org/depts/los,HTTPS,HTML,United Nations Division for Ocean Affairs and the Law of the Sea (DOALOS),information,United Nations,Secretariat / Legal Affairs Division,(+1)-212-963-1234,Custodian,International,United Nations Headquarters,New York,doalos@un.org,New York,10017
IDN_AUS_CS_1972,"Keputusan Presiden (Keppres) Nomor 66 Tahun 1972 tentang Pengesahan ""Persetujuan Antara Pemerintah Republik Indonesia dan Pemerintah Commonwealth Australia Tentang Penetapan Batas-Batas Dasar Laut Tertentu di Laut Timor dan Laut Arafura""",https://peraturan.bpk.go.id/Details/78274/keppres-no-66-tahun-1972,HTTPS,"HTML, PDF",Kep.Pres No. 66 Tahun 1972,Ratification of the supplementary agreement on the delimitation of the seabed boundaries in the Timor and Arafura Seas. All information is presented in accordance with the availability of verifiable sources.,"information, download",Keppres No. 66 Tahun 1972,2026-04-24,1972-12-04,Presidential Decree,docAvailable,domesticLegislativeInstrument,Legal,Legislation,1972-12-04,https://peraturan.bpk.go.id/,HTTPS,HTML, JDIH BPK RI,information,Government of the Republic of Indonesia,Sekretariat Negara (State Secretariat),(+62)-21-25549000,Publisher,Indonesia,"Jalan Gatot Subroto, 31",Jakarta Pusat,eppid@bpk.go.id,DKI Jakarta,10210
ANNEX_IDN_AUS_CS_1972,"Lampiran Keputusan Presiden (Keppres) Nomor 66 Tahun 1972 tentang Pengesahan ""Persetujuan Antara Pemerintah Republik Indonesia dan Pemerintah Commonwealth Australia Tentang Penetapan Batas-Batas Dasar Laut Tertentu di Laut Timor dan Laut Arafura""",https://peraturan.bpk.go.id/Details/78274/keppres-no-66-tahun-1972,HTTPS,"HTML, PDF",Keppres Nomor 66 Tahun 1972 - Lampiran,Annex of ratification of the supplementary agreement on the delimitation of the seabed boundaries in the Timor and Arafura Seas. All information is presented in accordance with the availability of verifiable sources.,"information, download",Keppres Nomor 66 Tahun 1972 - Lampiran,2026-04-24,1972-12-04,Presidential Decree,docAvailable,domesticLegislativeInstrument,relativeMeasurement,Legislation,1972-12-04,https://peraturan.bpk.go.id/,HTTPS,HTML, JDIH BPK RI,information,Government of the Republic of Indonesia,Sekretariat Negara (State Secretariat),(+62)-21-25549000,Publisher,Indonesia,"Jalan Gatot Subroto, 31",Jakarta Pusat,eppid@bpk.go.id,DKI Jakarta,10210
IDN_AUS_CS_1973,Undang-Undang Republik Indonesia Nomor 6 Tahun 1973 Tentang Perjanjian Antara Indonesia dengan Australia Mengenai Garis-Garis Batas Tertentu Antara Indonesia dan Papua New Guinea,https://peraturan.bpk.go.id/Details/47434/uu-no-6-tahun-1973,HTTPS,"HTML, PDF",UU Nomor 6 Tahun 1973,Ratification of the agreement between Indonesia and Australia concerning Certain Boundaries between Indonesia and Papua New Guinea for the Continental Shelf south of Irian. All information is presented in accordance with the availability of verifiable sources.,"information, download",UU No. 6 Tahun 1973,2026-04-24,1973-12-08,Law,docAvailable,domesticLegislativeInstrument,,Legislation,1973-12-08,https://peraturan.bpk.go.id/,HTTPS,HTML, JDIH BPK RI,information,Government of the Republic of Indonesia,Sekretariat Negara (State Secretariat),(+62)-21-25549000,Publisher,Indonesia,"Jalan Gatot Subroto, 31",Jakarta Pusat,eppid@bpk.go.id,DKI Jakarta,10210
TREATY_AUS_CS_1973,Agreement concerning certain boundaries between Papua New Guinea and Indonesia (12 Feb 1973),https://www.un.org/depts/los/LEGISLATIONANDTREATIES/PDFFILES/TREATIES/AUS-IDN1973PNG.pdf,HTTPS,"HTML, PDF",AUS-IDN1973PNG,Agreement between Indonesia and Australia concerning Certain Boundaries between Indonesia and Papua New Guinea for the Continental Shelf south of Irian. All information is presented in accordance with the availability of verifiable sources.,"information, download",14124,2026-04-24,1973-11-26,Agreement,docAvailable,internationalAgreement,relativeMeasurement,Treaty,1975-08-07,https://www.un.org/depts/los,HTTPS,HTML,United Nations Division for Ocean Affairs and the Law of the Sea (DOALOS),information,United Nations,Secretariat / Legal Affairs Division,(+1)-212-963-1234,Custodian,International,United Nations Headquarters,New York,doalos@un.org,New York,10017
IDN_AUS_FISHERIES_1993,Keputusan Presiden (Keppres) Nomor 37 Tahun 1993 tentang Pengesahan Agreement Between The Government Of The Republic Of Indonesia And The Government Of Australia Relating To Cooperation In Fisheries,http://peraturan.bpk.go.id/Details/62306/keppres-no-37-tahun-1993,HTTPS,"HTML, PDF",Keputusan_Presiden_no_37 TH 1993,Ratification of the bilateral agreement between Indonesia and Australia relating to cooperation in fisheries. All information is presented in accordance with the availability of verifiable sources.,"information, download",Keppres No. 37 Tahun 1983,2026-05-15,1993-05-15,Law,docAvailable,domesticLegislativeInstrument,,Treaty,1993-05-15,https://peraturan.bpk.go.id/,HTTPS,HTML, JDIH BPK RI,information,Government of the Republic of Indonesia,Sekretariat Negara (State Secretariat),(+62)-21-25549000,Publisher,Indonesia,"Jalan Gatot Subroto, 31",Jakarta Pusat,eppid@bpk.go.id,DKI Jakarta,10210
MOU_AUS_1981,Memorandum Of Understanding RI-Australia Concerning Provisional Fisheries Surveillance and Enforcement Arrangement,https://maritimeindex.org/legal-document/indonesia-australia-memorandum-of-understanding-concerning-the-implementation-of-a-provisional-fisheries-surveillance-and-enforcement-arrangement-timor-sea/,HTTPS,"HTML, PDF",Indonesia-Australia-MOU-1981,"Memorandum of Understanding (MoU) regarding the provisional arrangement for the surveillance and law enforcement of fisheries in the Timor Sea. The original document is unavailable; however, additional information regarding the agreement was obtained from Asian Maritime Index website as a supporting source. All information is presented in accordance with the availability of verifiable sources.","information, download",MOU 29 October 1981,2026-04-24,,MOU,docAvailable,internationalAgreement,fieldSketch,Treaty,,https://maritimeindex.org,HTTPS,HTML,Asian Maritime Index,information,Asian Maritime Index,Data provider,,Distributor,International,"Maritime Security Lab, Tokyo International University Room 1706, 4-42-31 Higashi-Ikebukuro, Toshima Ward",Tokyo,,Tokyo,170-0013
TREATY_IDN_AUS_EEZ/CS_1997,"Treaty between the Government of Australia and the Government of the Republic of Indonesia establishing an exclusive economic zone boundary and certain seabed boundaries, 14 March 1997",https://www.un.org/depts/los/LEGISLATIONANDTREATIES/PDFFILES/TREATIES/AUS-IDN1997EEZ.pdf,HTTPS,"HTML, PDF",Treaty 1997,"The Indonesia–Australia EEZ and seabed boundary agreement, including jurisdictional arrangements and marine resource management. All information is presented in accordance with the availability of verifiable sources.","information, download",Treaty 1997,2026-04-24,,Treaty,docAvailable,internationalAgreement,relativeMeasurement,Treaty,,https://www.un.org/depts/los,HTTPS,HTML,United Nations Division for Ocean Affairs and the Law of the Sea (DOALOS),information,United Nations,Secretariat / Legal Affairs Division,(+1)-212-963-1234,Custodian,International,United Nations Headquarters,New York,doalos@un.org,New York,10017
IDN_MYS_THA_1972,"Keputusan Presiden (Keppres) Nomor 20 Tahun 1972 tentang Pengesahan Persetujuan Pemerintah Republik Indonesia, Pemerintah Malaysia dan Pemerintah Kerajaan Thailand Tentang Penetapan Garis-Garis Batas Landas-Kontingen di Bagian Utara Selat Malaka",https://peraturan.bpk.go.id/Details/78187/keppres-no-20-tahun-1972,HTTPS,"HTML, PDF",Kep.Pres No. 20 Tahun 1972,"Ratification of the trilateral agreement between Indonesia, Malaysia, and Thailand concerning the delimitation of the continental shelf boundaries in the northern part of the Malacca Strait. All information is presented in accordance with the availability of verifiable sources.","information, download",Keppres No. 20 Tahun 1972,2026-04-24,1972-03-11,Presidential Decree,docAvailable,domesticLegislativeInstrument,,Legislation,1972-03-11,https://peraturan.bpk.go.id/,HTTPS,HTML, JDIH BPK RI,information,Government of the Republic of Indonesia,Sekretariat Negara (State Secretariat),(+62)-21-25549000,Publisher,Indonesia,"Jalan Gatot Subroto, 31",Jakarta Pusat,eppid@bpk.go.id,DKI Jakarta,10210
TREATY_IDN_MYS_THA_1971,"Agreement between the Government of the Republic of Indonesia, The Government of Malaysia and the Government of the Kingdom of Thailand Relating to the Delimitation of the Continental Shelf Boundaries in the Northern Part of the Strait of Malacca",https://maritimeindex.org/wp-content/uploads/2022/01/ENG_Agreement-IDN-Mly-Thl-CSB-NorthSoM.pdf,HTTPS,"HTML, PDF",ENG_Agreement-IDN-Mly-Thl-CSB-NorthSoM,"Trilateral agreement between Indonesia, Malaysia, and Thailand concerning the delimitation of the continental shelf boundaries in the northern part of the Malacca Strait. The original document is unavailable; however, additional information regarding the agreement was obtained from Asian Maritime Index website as a supporting source. All information is presented in accordance with the availability of verifiable sources.","information, download",Agreement Indonesia-Malaysia-Thailand for Delimitation Continental Shelf Boundaries in Northen Part Strait of Malacca 1971,2026-04-24,,Agreement,docAvailable,internationalAgreement,relativeMeasurement,Treaty,,https://maritimeindex.org,HTTPS,HTML,Asian Maritime Index,information,Asian Maritime Index,Data provider,,Distributor,International,"Maritime Security Lab, Tokyo International University Room 1706, 4-42-31 Higashi-Ikebukuro, Toshima Ward",Tokyo,,Tokyo,170-0013
IDN_THA_1972,Keputusan Presiden (Keppres) Nomor 21 Tahun 1972 tentang Pengesahan Persetujuan Pemerintah Republik Indonesia dan Pemerintah Kerajaan Thailand Tentang Penetapan Garis-Garis Batas Landas-Kontingen Antara Kedua Negara di Bagian Utara Selat Malaka dan di Laut Andaman,https://peraturan.bpk.go.id/Details/78189/keppres-no-21-tahun-1972,HTTPS,"HTML, PDF",Keppres No. 21 Tahun 1972,Ratification of the bilateral agreement between Indonesia and Thailand regarding the delimitation of the continental shelf boundaries in the northern part of the Malacca Strait and the Andaman Sea. All information is presented in accordance with the availability of verifiable sources.,"information, download",Keppres No. 21 Tahun 1972,2026-04-24,1972-03-11,Presidential Decree,docAvailable,domesticLegislativeInstrument,,Legislation,1972-03-11,https://peraturan.bpk.go.id/,HTTPS,HTML, JDIH BPK RI,information,Government of the Republic of Indonesia,Sekretariat Negara (State Secretariat),(+62)-21-25549000,Publisher,Indonesia,"Jalan Gatot Subroto, 31",Jakarta Pusat,eppid@bpk.go.id,DKI Jakarta,10210
TREATY_THA_CS_1971,Agreement between the Government of the Kingdom of Thailand and the Government of the Republic of Indonesia relating to the Delimitation of a Continental Shelf Boundary between the two Countries in the Northern Part of the Straits of Malacca and in the Andaman Sea 17 December 1971,https://www.un.org/depts/los/LEGISLATIONANDTREATIES/PDFFILES/TREATIES/THA-IDN1971CS.PDF,HTTPS,"HTML, PDF",THA-IDN1971CS,Bilateral agreement between Indonesia and Thailand regarding the delimitation of the continental shelf boundaries in the northern part of the Malacca Strait and the Andaman Sea. All information is presented in accordance with the availability of verifiable sources.,"information, download",16929,2026-04-24,1973-04-07,Agreement,docAvailable,internationalAgreement,relativeMeasurement,Treaty,1978-09-08,https://www.un.org/depts/los,HTTPS,HTML,United Nations Division for Ocean Affairs and the Law of the Sea (DOALOS),information,United Nations,Secretariat / Legal Affairs Division,(+1)-212-963-1234,Custodian,International,United Nations Headquarters,New York,doalos@un.org,New York,10017
IDN_THA_1977,"Keputusan Presiden (Keppres) Nomor 1 Tahun 1977 tentang Mengesahkan ""Persetujuan Antara Pemerintah Republik Indonesia dan Pemerintah Kerajaan Thailand Tentang Penetapan Garis Batas Dasar Laut Antara Kedua Negara di Laut Andaman”",http://peraturan.bpk.go.id/Details/78691/keppres-no-1-tahun-1977,HTTPS,"HTML, PDF",Keppres No. 1 Tahun 1977,Ratification of the bilateral agreement between Indonesia and Thailand concerning the delimitation of the seabed boundaries in the Andaman Sea into national law. All information is presented in accordance with the availability of verifiable sources.,"information, download",Keppres No. 1 Tahun 1977,2026-04-24,1977-01-11,Presidential Decree,docAvailable,domesticLegislativeInstrument,,Legislation,1977-01-11,https://peraturan.bpk.go.id/,HTTPS,HTML, JDIH BPK RI,information,Government of the Republic of Indonesia,Sekretariat Negara (State Secretariat),(+62)-21-25549000,Publisher,Indonesia,"Jalan Gatot Subroto, 31",Jakarta Pusat,eppid@bpk.go.id,DKI Jakarta,10210
TREATY_THA_CS_1975,Agreement between the Government of the Kingdom of Thailand and the Government of the Republic of Indonesia relating to the Delimitation of the Seabed Boundary between the two Countries in the Andaman Sea 11 December 1975,https://www.un.org/depts/los/LEGISLATIONANDTREATIES/PDFFILES/TREATIES/THA-IDN1975SB.PDF,HTTPS,"HTML, PDF",THA-IDN1975SB,Bilateral agreement between Indonesia and Thailand concerning the delimitation of the seabed boundaries in the Andaman Sea. All information is presented in accordance with the availability of verifiable sources.,"information, download",16930,2026-04-24,1978-02-18,Agreement,docAvailable,internationalAgreement,relativeMeasurement,Treaty,1978-09-08,https://www.un.org/depts/los,HTTPS,HTML,United Nations Division for Ocean Affairs and the Law of the Sea (DOALOS),information,United Nations,Secretariat / Legal Affairs Division,(+1)-212-963-1234,Custodian,International,United Nations Headquarters,New York,doalos@un.org,New York,10017
IDN_IND_1974,Keputusan Presiden (Keppres) Nomor 51 Tahun 1974 tentang Pengesahan Persetujuan Antara Pemerintah Republik Indonesia dan Pemerintah Republik India Tentang Penetapan Garis Batas Landas Kontinen Antara Kedua Negara,https://peraturan.bpk.go.id/Details/78483/keppres-no-51-tahun-1974,HTTPS,"HTML, PDF",Keppres No. 51 Tahun 1974,Ratification of the bilateral agreement between Indonesia and India concerning the delimitation of the continental shelf boundary in the Indian Ocean. All information is presented in accordance with the availability of verifiable sources.,"information, download",Keppres No. 51 Tahun 1974,2026-04-24,1974-09-25,Presidential Decree,docAvailable,domesticLegislativeInstrument,,Legislation,1974-09-25,https://peraturan.bpk.go.id/,HTTPS,HTML, JDIH BPK RI,information,Government of the Republic of Indonesia,Sekretariat Negara (State Secretariat),(+62)-21-25549000,Publisher,Indonesia,"Jalan Gatot Subroto, 31",Jakarta Pusat,eppid@bpk.go.id,DKI Jakarta,10210
TREATY_IND_CS_1974,Agreement Between the Government of the Republic of Indonesia and the Government of the Republic of India Relating to the Delimitation of the Continental Shelf Boundary Between the Two Countries,https://maritimeindex.org/wp-content/uploads/2021/12/INC03F1.pdf,HTTPS,"HTML, PDF",INC03F1,"Bilateral agreement between Indonesia and India concerning the delimitation of the continental shelf boundary in the Indian Ocean. The original document is unavailable; however, additional information regarding the agreement was obtained from Asian Maritime Index website as a supporting source. All information is presented in accordance with the availability of verifiable sources.","information, download",19474,2026-04-24,1974-12-17,Agreement,docAvailable,internationalAgreement,relativeMeasurement,Treaty,1980-12-22,https://maritimeindex.org,HTTPS,HTML,Asian Maritime Index,information,Asian Maritime Index,Data provider,,Distributor,International,"Maritime Security Lab, Tokyo International University Room 1706, 4-42-31 Higashi-Ikebukuro, Toshima Ward",Tokyo,,Tokyo,170-0013
IDN_IND_1977,"Keputusan Presiden (Keppres) Nomor 26 Tahun 1977 tentang Mengesahkan ""Persetujuan Antaran Pemerintah Republik Indonesia dan Pemerintah Republik India Tentang Perpanjangan Garis Batas Landas Kontinen Tahun 1974 di Laut Andaman dan Samudra Hindia” di New Delhi",https://peraturan.bpk.go.id/Details/78734/keppres-no-26-tahun-1977,HTTPS,"HTML, PDF",Keppres No. 26 Tahun 1977,Ratification of the supplementary agreement concerning the extension and affirmation of the Indonesia–India continental shelf boundaries. All information is presented in accordance with the availability of verifiable sources.,"information, download",Keppres No. 26 Tahun 1977,2026-04-24,1977-04-04,Presidential Decree,docAvailable,domesticLegislativeInstrument,,Legislation,1977-04-04,https://peraturan.bpk.go.id/,HTTPS,HTML, JDIH BPK RI,information,Government of the Republic of Indonesia,Sekretariat Negara (State Secretariat),(+62)-21-25549000,Publisher,Indonesia,"Jalan Gatot Subroto, 31",Jakarta Pusat,eppid@bpk.go.id,DKI Jakarta,10210
TREATY_IND_CS_1977,Agreement between the Government of the Republic of India and the Government of the Republic of Indonesia on the Extension of the 1974 Continental Shelf Boundary between the two Countries in the Andaman Sea and the Indian Ocean,https://www.un.org/depts/los/LEGISLATIONANDTREATIES/PDFFILES/TREATIES/IND-IDN1977CS.PDF,HTTPS,"HTML, PDF",IND-IDN1977CS,Supplementary agreement concerning the extension and affirmation of the Indonesia–India continental shelf boundaries. All information is presented in accordance with the availability of verifiable sources.,"information, download",19475,2026-04-24,1980-12-22,Agreement,docAvailable,internationalAgreement,relativeMeasurement,Treaty,1980-12-22,https://www.un.org/depts/los,HTTPS,HTML,United Nations Division for Ocean Affairs and the Law of the Sea (DOALOS),information,United Nations,Secretariat / Legal Affairs Division,(+1)-212-963-1234,Custodian,International,United Nations Headquarters,New York,doalos@un.org,New York,10017
IDN_TRI_1978,"Keputusan Presiden (Keppres) Nomor 24 Tahun 1978 tentang Mengesahkan ""Persetujuan Antara Pemerintah Republik Indonesia, Pemerintah Republik India dan Pemerintah Kerajaan Thailand Tentang Penetapan Titik Pertemuan Tiga Garis Batas dan Penetapan Garis Batas Ketiga Negara di Laut Andaman"" yang Telah ditandatangani di New Delhi, Pada Tanggal 22 Juni 1978, Sebagaimana Terlampir Pada Keputusan Presiden Ini",https://peraturan.bpk.go.id/Details/78912/keppres-no-24-tahun-1978,HTTPS,"HTML, PDF",Keppres No. 24 Tahun 1978,"Ratification of the trilateral agreement concerning the trijunction point and the delimitation of the continental shelf boundaries between Indonesia, India, and Thailand in the Andaman Sea. All information is presented in accordance with the availability of verifiable sources.","information, download",Keppres No. 24 Tahun 1978,2026-04-24,1978-08-18,Presidential Decree,docAvailable,domesticLegislativeInstrument,,Legislation,1978-08-16,https://peraturan.bpk.go.id/,HTTPS,HTML, JDIH BPK RI,information,Government of the Republic of Indonesia,Sekretariat Negara (State Secretariat),(+62)-21-25549000,Publisher,Indonesia,"Jalan Gatot Subroto, 31",Jakarta Pusat,eppid@bpk.go.id,DKI Jakarta,10210
TREATY_TRI_1978,"Agreement between the Government of the Kingdom of Thailand, the Government of the Republic of India and the Government of the Republic of Indonesia concerning the DetermIDNtion of the Trijunction Point and the Delimitation of the Related Boundaries of the three Countries in the Andaman Sea",https://www.un.org/depts/los/LEGISLATIONANDTREATIES/PDFFILES/TREATIES/THA-IND-IDN1978TP.PDF,HTTPS,"HTML, PDF",THA-IND-IDN1978TP,"Trilateral Agreement on the trijunction point and the continental shelf boundaries of Indonesia, India, and Thailand in the Andaman Sea. All information is presented in accordance with the availability of verifiable sources.","information, download",Agreement Indonesia-Thailand-India for Related Boundaries of the Three Countries in the Andaman Sea 1978,2026-04-24,1979-03-02,Agreement,docAvailable,internationalAgreement,relativeMeasurement,Treaty,1980-12-22,https://www.un.org/depts/los,HTTPS,HTML,United Nations Division for Ocean Affairs and the Law of the Sea (DOALOS),information,United Nations,Secretariat / Legal Affairs Division,(+1)-212-963-1234,Custodian,International,United Nations Headquarters,New York,doalos@un.org,New York,10017
IDN_VNM_2007,"Undang-undang (UU) Nomor 18 Tahun 2007 tentang Pengesahan Persetujuan antara Pemerintah Republik Indonesia dan Pemerintah Republik Sosialis Vietnam tentang Penetapan Batas Landas Kontinen, 2003 (Agreement Between The Government of The Republic of Indonesia and The Government of The Socialist Republic of Vietnam Concerning The Delimitationof The Continental Shelf Boundary, 2003)",https://peraturan.bpk.go.id/Details/39832/uu-no-18-tahun-2007,HTTPS,"HTML, PDF",UU No. 18 Tahun 2007,Ratification of the bilateral agreement between Indonesia and Vietnam on the delimitation of the continental shelf boundaries in the northern region of the Natuna Islands. All information is presented in accordance with the availability of verifiable sources.,"information, download",UU No. 18 Tahun 2007,2026-04-24,2007-03-15,Law,docAvailable,domesticLegislativeInstrument,,Legislation,2007-03-15,https://peraturan.bpk.go.id/,HTTPS,HTML, JDIH BPK RI,information,Government of the Republic of Indonesia,Sekretariat Negara (State Secretariat),(+62)-21-25549000,Publisher,Indonesia,"Jalan Gatot Subroto, 31",Jakarta Pusat,eppid@bpk.go.id,DKI Jakarta,10210
TREATY_VNM_CS_2003,Agreement between the Government of the Socialist Republic of Vietnam and the Government of the Republic of Indonesia concerning the delimitation of the continental shelf boundary,https://treaties.un.org/doc/publication/unts/no%20volume/part/i-44165.pdf,HTTPS,"HTML, PDF",i-44165-pdf,Bilateral agreement between Indonesia and Vietnam on the delimitation of the continental shelf boundaries in the northern region of the Natuna Islands. All information is presented in accordance with the availability of verifiable sources.,"information, download",44165,2026-04-24,2007-05-29,Agreement,docAvailable,internationalAgreement,relativeMeasurement,Treaty,2007-08-15,https://treaties.un.org,HTTPS,HTML,United Nation Treaty Collection,information,United Nations,Treaty Section - Office of Legal Affairs,,Custodian,International,2 UN Plaza - 323 E 44th Street Room DC2-0501,New York,treatysection@un.org,New York,10017
IDN_PHL_2014,"Undang-undang (UU) Nomor 4 Tahun 2017 tentang Pengesahan Persetujuan antara Pemerintah Republik Indonesia Dan Pemerintah Republik FilipIDN mengenai Penetapan Batas Zona Ekonomi Eksklusif, 2014 (Agreement Between The Government Of The Republic Of Indonesia and the Government of The Republic of The Philippines Concerning The Delimitation of The Exclusive Economic Zone Boundary, 2014)",https://peraturan.bpk.go.id/Details/37641,HTTPS,"HTML, PDF",UU No. 4 Tahun 2017,Ratification of the bilateral agreement between Indonesia and the Philippines on the delimitation of the Exclusive Economic Zone (EEZ) boundaries. All information is presented in accordance with the availability of verifiable sources.,"information, download",UU No. 4 Tahun 2017,2026-04-24,2017-02-27,Law,docAvailable,domesticLegislativeInstrument,,Legislation,2017-02-27,https://peraturan.bpk.go.id/,HTTPS,HTML, JDIH BPK RI,information,Government of the Republic of Indonesia,Sekretariat Negara (State Secretariat),(+62)-21-25549000,Publisher,Indonesia,"Jalan Gatot Subroto, 31",Jakarta Pusat,eppid@bpk.go.id,DKI Jakarta,10210
TREATY_PHL_EEZ_2014,Agreement between the Government of the Republic of Indonesia and the Government of the Republic of the Philippines concerning the delimitation of the exclusive economic zone boundary,https://treaties.un.org/Pages/showDetails.aspx?objid=0800000280562a05&clang=_en,HTTPS,"HTML, PDF",I-55946-0800000280562a05,Bilateral agreement between Indonesia and the Philippines on the delimitation of the Zona Ekonomi Eksklusif (Exclusive Economic Zone/EEZ) boundaries. All information is presented in accordance with the availability of verifiable sources.,"information, download",55946,2026-04-24,2019-08-01,Agreement,docAvailable,internationalAgreement,hydrographicChart,Treaty,2019-09-27,https://treaties.un.org,HTTPS,HTML,United Nation Treaty Collection,information,United Nations,Treaty Section - Office of Legal Affairs,,Custodian,International,2 UN Plaza - 323 E 44th Street Room DC2-0501,New York,treatysection@un.org,New York,10017
IDN_PNG_1980,"Keputusan Presiden (Keppres) Nomor 21 Tahun 1982 tentang Mengesahkan ""Persetujuan Antara Pemerintah Republik Indonesia Dan Pemerintah Papua Nugini Tentang Batas-Batas Maritim Antara Republik Indonesia Dan Papua Nugini Dan Kerjasama Tentang Masalah-Masalah Yang Bersangkutan Sebagai Hasil Perundingan Antara Delegasi Pemerintah Republik Indonesia Dan Delegasi Pemerintah Papua Nugini Yang Telah Ditanda Tangani Di Jakarta Pada Tanggal 13 Desember 1980",https://peraturan.bpk.go.id/Details/65688/keppres-no-21-tahun-1982,HTTPS,"HTML, PDF",Keppres No 21 TH 1982,Ratification of the bilateral agreement between Indonesia and Papua New Guinea on the delimitation of the continental shelf boundaries. All information is presented in accordance with the availability of verifiable sources.,"information, download",Keppres No. 21 Tahun 1982,2026-04-24,1982-12-13,Presidential Decree,docAvailable,domesticLegislativeInstrument,,Legislation,1982-12-13,https://peraturan.bpk.go.id/,HTTPS,HTML, JDIH BPK RI,information,Government of the Republic of Indonesia,Sekretariat Negara (State Secretariat),(+62)-21-25549000,Publisher,Indonesia,"Jalan Gatot Subroto, 31",Jakarta Pusat,eppid@bpk.go.id,DKI Jakarta,10210
TREATY_PNG_1980,Agreement between Indonesia and Papua New Guinea concerning Maritime Boundaries between the Two Countries and Cooperation on Related Matters,https://maritimeindex.org/wp-content/uploads/2021/12/Indonesia-Papua-New-Guinea-agreement-concerning-the-maritime-boundary-between-the-two-countries-and-cooperation-on-related-matters-Arafura-Sea.pdf,HTTPS,"HTML, PDF",Indonesia-Papua-New-Guinea-agreement-concerning-the-maritime-boundary-between-the-two-countries-and-cooperation-on-related-matters-Arafura-Sea,"Bilateral agreement between Indonesia and Papua New Guinea on the delimitation of the continental shelf boundaries.The original document is unavailable; however, additional information regarding the agreement was obtained from Asian Maritime Index website as a supporting source. All information is presented in accordance with the availability of verifiable sources.","information, download",Aggrement Indonesia-Papua New Guinea concerning Maritime Boundaries between the Two Countries and Cooperation on Related Matters (1980),2026-04-24,,Agreement,docAvailable,internationalAgreement,fieldSketch,Treaty,,https://maritimeindex.org,HTTPS,HTML,Asian Maritime Index,information,Asian Maritime Index,Data provider,,Distributor,International,"Maritime Security Lab, Tokyo International University Room 1706, 4-42-31 Higashi-Ikebukuro, Toshima Ward",Tokyo,,Tokyo,170-0013
PP36_2002,Peraturan Pemerintah (PP) Nomor 36 Tahun 2002 tentang Hak Dan Kewajiban Kapal Asing Lintas Damai,https://peraturan.bpk.go.id/Details/52445/pp-no-36-tahun-2002,HTTPS,"HTML, PDF",PP No.36 TH 2002,Peraturan Pemerintah (Government Regulation) regulating the innocent passage regime for foreign vessels in Indonesian waters. All information is presented in accordance with the availability of verifiable sources.,"information, download",PP No. 36 Tahun 2002,2026-04-24,2002-06-28,Government Regulation,docAvailable,domesticLegislativeInstrument,,Legislation,2002-06-28,https://peraturan.bpk.go.id/,HTTPS,HTML, JDIH BPK RI,information,Government of the Republic of Indonesia,Sekretariat Negara (State Secretariat),(+62)-21-25549000,Publisher,Indonesia,"Jalan Gatot Subroto, 31",Jakarta Pusat,eppid@bpk.go.id,DKI Jakarta,10210
PP37_2002,Peraturan Pemerintah (PP) Nomor 37 Tahun 2002 tentang Hak Dan Kewajiban Hak Lintas Alur Laut Kepulauan (ACSI),https://peraturan.bpk.go.id/Details/52448,HTTPS,"HTML, PDF",PP No.37 TH 2002,Peraturan Pemerintah (Government Regulation) regarding the procedures for Archipelagic Sea Lane Passage (ASLP/ALKI) for foreign ships and aircraft. All information is presented in accordance with the availability of verifiable sources.,"information, download",PP No. 37 Tahun 2002,2026-04-24,2002-06-28,Government Regulation,docAvailable,domesticLegislativeInstrument,,Legislation,2002-06-28,https://peraturan.bpk.go.id/,HTTPS,HTML, JDIH BPK RI,information,Government of the Republic of Indonesia,Sekretariat Negara (State Secretariat),(+62)-21-25549000,Publisher,Indonesia,"Jalan Gatot Subroto, 31",Jakarta Pusat,eppid@bpk.go.id,DKI Jakarta,10210
CLCS_SUM_2008,Summary Of Recommendations Of The Commission On The Limits Of The Continental Shelf - North West Sumatra,https://www.un.org/depts/los/clcs_new/submissions_files/IDN08/Summary%20Recommendations%20for%20Indonesia.pdf,HTTPS,"HTML, PDF",Summary%20Recommendations%20for%20Indonesia,"Recommendations of the United Nations Commission on the Limits of the Continental Shelf (CLCS) regarding Indonesia's submission on the continental shelf beyond 200 nautical miles northwest of Sumatra. CLCS. The document provides technical recommendations, fixed point coordinates, and construction principles for delineating the outer limits of the continental shelf beyond 200 nautical miles based on Article 76 of UNCLOS. All information is presented in accordance with the availability of verifiable sources.","information, download",CLCS/IDN/2008,2026-04-24,2011-03-28,International Recommendation,docAvailable,domesticAdministrative,relativeMeasurement,Treaty,2011-03-28,https://www.un.org/depts/los,HTTPS,HTML,United Nations Division for Ocean Affairs and the Law of the Sea (DOALOS),information,United Nations,Secretariat / Legal Affairs Division,(+1)-212-963-1234,Custodian,International,United Nations Headquarters,New York,doalos@un.org,New York,10017
UU16_2023,Undang-Undang (UU) Nomor 16 Tahun 2023 tentang Landas Kontinen,https://peraturan.bpk.go.id/Download/305777/UU%20Nomor%2016%20Tahun%202023.pdf,HTTPS,"HTML, PDF",UU Nomor 16 Tahun 2023,Undang-Undang (Law) regulating the sovereign rights and jurisdiction of Indonesia over the continental shelf in accordance with UNCLOS 1982. All information is presented in accordance with the availability of verifiable sources.,"information, download",UU No. 16 Tahun 2023,2026-04-24,2023-11-20,Law,docAvailable,domesticLegislativeInstrument,,Legislation,2023-11-20,https://peraturan.bpk.go.id/,HTTPS,HTML, JDIH BPK RI,information,Government of the Republic of Indonesia,Sekretariat Negara (State Secretariat),(+62)-21-25549000,Publisher,Indonesia,"Jalan Gatot Subroto, 31",Jakarta Pusat,eppid@bpk.go.id,DKI Jakarta,10210
UU43_2008,Undang-undang (UU) Nomor 43 Tahun 2008 tentang Wilayah Negara,https://peraturan.bpk.go.id/Details/39738/uu-no-43-tahun-2008,HTTPS,"HTML, PDF",UU Nomor 43 Tahun 2008,"Undang-Undang (Law) establishing the sovereignty, sovereign rights, and governmental authority over the territory of the Indonesian state. All information is presented in accordance with the availability of verifiable sources.","information, download",UU No. 43 Tahun 2008,2026-04-24,2008-11-06,Law,docAvailable,domesticLegislativeInstrument,,Legislation,2008-11-06,https://peraturan.bpk.go.id/,HTTPS,HTML, JDIH BPK RI,information,Government of the Republic of Indonesia,Sekretariat Negara (State Secretariat),(+62)-21-25549000,Publisher,Indonesia,"Jalan Gatot Subroto, 31",Jakarta Pusat,eppid@bpk.go.id,DKI Jakarta,10210